id,title,author,price,category,retrieved_at
1,Светот ти припаѓа тебе: Што ти недостасува?,Роберт Колиер,400,МОТИВАЦИЈА И САМОПОМОШ,2025-05-15
2,Светот ти припаѓа тебе: Погледни се како го правиш тоа,Роберт Колиер,400,МОТИВАЦИЈА И САМОПОМОШ,2025-05-15
3,Инвестирај во себе: Ментални пријатели и непријатели,Орисон Свет Марден,400,МОТИВАЦИЈА И САМОПОМОШ,2025-05-15
4,Инвестирај во себе: Биди општествено успешен,Орисон Свет Марден,400,МОТИВАЦИЈА И САМОПОМОШ,2025-05-15
5,Граматика на љубовта,Иван Бунин,300,РАСКАЗИ,2025-05-15
6,Големи зборови за мали уши: НЕПОТИЗАМ,"Иван Дричко, Здравко Гиров (илустрации)",220,СЛИКОВНИЦИ,2025-05-15
7,Зорки и Цветка,Оливера Ќорвезироска,290,СЛИКОВНИЦИ,2025-05-15
8,Тајната книга на Флора Лиа,Пати Калахан Хенри,520,ИСТОРИСКА ФИКЦИЈА,2025-05-15
9,Околу три по полноќ,Димитрие Дурацовски,500,МАКЕДОНСКА КНИЖЕВНОСТ,2025-05-15
10,Worthy (Достојни),Џејми Керн Лима,590,ПСИХОЛОГИЈА,2025-05-15
11,Чудесната џунгла,Наташа Поповска,135,СЛИКОВНИЦИ,2025-05-15
12,Ѕвезда на месечината,Марија Ралповска,200,РОМАНИ ЗА ДЕЦА,2025-05-15
13,Ние животните и вие децата,Љубинка Донева,250,ПОЕЗИЈА ЗА ДЕЦА,2025-05-15
14,Големата тајна,Марија Богатиновска,250,РОМАНИ ЗА ДЕЦА,2025-05-15
15,Здрава храна во шума собрана,Славица Андреева,180,СЛИКОВНИЦИ,2025-05-15
16,Соочување со антропоценот: Фосилниот капитализам и кризата на Земјиниот систе...,Ијан Ангус,500,ФИЛОЗОФИЈА И СВЕТОГЛЕД,2025-05-15
17,Indicta causa (Осуден во отсуство),Сашо Гигов - Гиш,300,МАКЕДОНСКА ПОЕЗИЈА,2025-05-15
18,небо трето,Ѓоко Здравески,300,МАКЕДОНСКА ПОЕЗИЈА,2025-05-15
19,Мачето Мице,Татјана Гаврилова,200,РОМАНИ ЗА ДЕЦА,2025-05-15
20,Приказна од Ефес: Антија и Хаброком,Ксенофонт од Ефес,270,КЛАСИЦИ,2025-05-15
21,Нешто трето,Максим Ристески,330,РАСКАЗИ,2025-05-15
22,Биби Боби и куќичката од чоколадо - Боенка,N/A,99,БОЕНКИ И ИЗРАБОТКИ ЗА ВОЗРАСНИ,2025-05-15
23,Црното маче,Неше Рамовиќ,400,СЛИКОВНИЦИ,2025-05-15
24,"Ендодонција, том 1 и 2",Арналдо Кастелучи,18.500,СТОМАТОЛОГИЈА,2025-05-15
25,Господарка на играта,Сидни Шелдон,450,КРИМИ/ТРИЛЕР,2025-05-15
26,Ветување,Даниела Стил,380,РОМАНСИ,2025-05-15
27,Сега и засекогаш,Даниела Стил,420,РОМАНСИ,2025-05-15
28,Полн круг,Даниела Стил,420,РОМАНСИ,2025-05-15
29,Прстен,Даниела Стил,420,РОМАНСИ,2025-05-15
30,Клуч за успехот,Наполеон Хил,300,БИЗНИС И МЕНАЏМЕНТ,2025-05-15
31,Волшебни скали до успехот,Наполеон Хил,300,БИЗНИС И МЕНАЏМЕНТ,2025-05-15
32,Ако го дочекам утрото,Сидни Шелдон,450,КРИМИ/ТРИЛЕР,2025-05-15
33,Светот што чека да се роди,Скот Пек,450,ПСИХОЛОГИЈА,2025-05-15
34,Развивајте го лидерството во вас,Џон Максвел,380,ЛИДЕРСТВО,2025-05-15
35,Како да стекнете самодоверба,Норман Винсент Пил,380,МОТИВАЦИЈА И САМОПОМОШ,2025-05-15
36,,Dejvid Liberman,350,ПСИХОЛОГИЈА,2025-05-15
37,,Skot Pek,420,ПСИХОЛОГИЈА,2025-05-15
38,,Skot Pek,420,ДУХОВНОСТ,2025-05-15
39,,Skot Pek,420,ДУХОВНОСТ,2025-05-15
40,,Dzon Maksvel,300,ПСИХОЛОГИЈА,2025-05-15
41,Ништо не трае вечно,Сидни Шелдон,400,КРИМИ/ТРИЛЕР,2025-05-15
42,,Robert L.D Kuper,350,ПОЛИТИКА,2025-05-15
43,,Dejvid Livingston,500,ПОЛИТИКА,2025-05-15
44,Плима на сеќавања,"Сидни Шелдон, Тили Багшо",450,КРИМИ/ТРИЛЕР,2025-05-15
45,Главата на Кафка,Ристо Лазаров,150,МАКЕДОНСКА КНИЖЕВНОСТ,2025-05-15
46,Митологики. 4: Голиот човек,Клод Леви-Строс,1.350,АНТРОПОЛОГИЈА,2025-05-15
47,Митологики 3: Потеклото на однесувањето на трпеза,Клод Леви-Строс,950,АНТРОПОЛОГИЈА,2025-05-15
48,Руска убавица,Виктор Ерофеев,550,СОВРЕМЕНА КНИЖЕВНОСТ,2025-05-15
49,"Срце, глава, стомак",Камило Кастело Бранко,350,КЛАСИЦИ,2025-05-15
50,"Разделник за книги, Kong",N/A,549,РАЗДЕЛНИЦИ,2025-05-15
51,"Разделник за книги, Psycho",N/A,439,РАЗДЕЛНИЦИ,2025-05-15
52,"Сет од 4 метални разделници, Harry Potter - Hogwarts Houses",N/A,1.750,РАЗДЕЛНИЦИ,2025-05-15
53,"Сет од 4 метални разделници, Da Vinci's Drawings",N/A,1.290,РАЗДЕЛНИЦИ,2025-05-15
54,"Уметнички разделник, Impressionists - Gauguin: Nafea faa ipoipo",N/A,110,РАЗДЕЛНИЦИ,2025-05-15
55,"Уметнички разделник, Impressionists - Cezanne: Mont Sainte-Victoire",N/A,110,РАЗДЕЛНИЦИ,2025-05-15
56,"Уметнички разделник, Impressionists - Renoir: Bal du moulin de la Galette",N/A,110,РАЗДЕЛНИЦИ,2025-05-15
57,"Уметнички разделник, Impressionists - Edouard Manet: A Bar at the Folies-Berg...",N/A,110,РАЗДЕЛНИЦИ,2025-05-15
58,"Уметничку разделник, Impressionists - Van Gogh: Sunflowers",N/A,110,РАЗДЕЛНИЦИ,2025-05-15
59,"Уметнички разделник, Impressionists - Van Gogh: Wheat Field with Cypresses",N/A,110,РАЗДЕЛНИЦИ,2025-05-15
60,"Уметнички разделник, Impressionists - Van Gogh: Café de Nuit",N/A,110,РАЗДЕЛНИЦИ,2025-05-15
61,"Уметнички разделник, Impressionists - Claude Monet: Woman with a parasol",N/A,110,РАЗДЕЛНИЦИ,2025-05-15
62,"Уметнички разделник, Impressionists - Edgar Degas: Dancers in Pink",N/A,110,РАЗДЕЛНИЦИ,2025-05-15
63,"Уметнички разделник, Impressionists - Edgar Degas: The Star",N/A,110,РАЗДЕЛНИЦИ,2025-05-15
64,"Уметнички разделник, Van Gogh - Sunflowers",N/A,110,РАЗДЕЛНИЦИ,2025-05-15
65,"Уметнички разделник, Van Gogh - Bedroom in Arles",N/A,110,РАЗДЕЛНИЦИ,2025-05-15
66,"Уметнички разделник, Van Gogh - Almond Blossom",N/A,110,РАЗДЕЛНИЦИ,2025-05-15
67,"Уметнички разделник, Van Gogh - Wheat Field with Cypresses",N/A,110,РАЗДЕЛНИЦИ,2025-05-15
68,"Уметнички разделник, Van Gogh - Starry Night",N/A,110,РАЗДЕЛНИЦИ,2025-05-15
69,"Уметнички разделник, Van Gogh - Café de Nuit",N/A,110,РАЗДЕЛНИЦИ,2025-05-15
70,"Уметнички разделник, Rosina Wachtmeister - My garden",N/A,110,РАЗДЕЛНИЦИ,2025-05-15
71,"Уметнички разделник, Rosina Wachtmeister - Fantasy",N/A,110,РАЗДЕЛНИЦИ,2025-05-15
72,"Уметнички разделник, Rosina Wachtmeister - Wonderland",N/A,110,РАЗДЕЛНИЦИ,2025-05-15
73,"Уметнички разделник, Rosina Wachtmeister - Stelle per due",N/A,110,РАЗДЕЛНИЦИ,2025-05-15
74,"Уметнички разделник, Rosina Wachtmeister - Giardino delle Rose",N/A,110,РАЗДЕЛНИЦИ,2025-05-15
75,"Уметнички разделник, Rosina Wachtmeister - Dolce Vita",N/A,110,РАЗДЕЛНИЦИ,2025-05-15
76,"Уметнички разделник, Rosina Wachtmeister - Bunte Katzen",N/A,110,РАЗДЕЛНИЦИ,2025-05-15
77,"Уметнички разделник, Rosina Wachtmeister - Visit to the theatre",N/A,110,РАЗДЕЛНИЦИ,2025-05-15
78,"Уметнички разделник, Rosina Wachtmeister - Momenti di felicità",N/A,110,РАЗДЕЛНИЦИ,2025-05-15
79,"Уметнички разделник, Rosina Wachtmeister - Vita Familiare",N/A,110,РАЗДЕЛНИЦИ,2025-05-15
80,"Уметнички разделник, Rosina Wachtmeister - Bibliotheca",N/A,110,РАЗДЕЛНИЦИ,2025-05-15
81,"Уметнички разделник, Rosina Wachtmeister - Libero",N/A,110,РАЗДЕЛНИЦИ,2025-05-15
82,"Уметнички разделник, Egon Schiele - Sitting Woman With Legs Drawn Up",N/A,110,РАЗДЕЛНИЦИ,2025-05-15
83,"Уметнички разделник, Kandinsky - Color Study: Squares with concentric circles...",N/A,110,РАЗДЕЛНИЦИ,2025-05-15
84,,N/A,110,РАЗДЕЛНИЦИ,2025-05-15
85,"Уметнички разделник, Gustav Klimt - Fulfillment",N/A,110,РАЗДЕЛНИЦИ,2025-05-15
86,"Уметнички разделник, Gustav Klimt - Adele Bloch Bauer",N/A,110,РАЗДЕЛНИЦИ,2025-05-15
87,"Уметнички разделник, Gustav Klimt - Tree of Life",N/A,110,РАЗДЕЛНИЦИ,2025-05-15
88,"Уметнички разделник, Gustav Klimt - The Kiss",N/A,110,РАЗДЕЛНИЦИ,2025-05-15
89,"Уметнички разделник, Gustav Klimt - Lady With Fan",N/A,110,РАЗДЕЛНИЦИ,2025-05-15
90,"Уметнички разделник, Gustav Klimt - The Virgins",N/A,110,РАЗДЕЛНИЦИ,2025-05-15
91,"Уметнички разделник, Art Nouveau - Madeleine",N/A,110,РАЗДЕЛНИЦИ,2025-05-15
92,"Уметнички разделник, Art Nouveau - Sarah",N/A,110,РАЗДЕЛНИЦИ,2025-05-15
93,"Уметнички разделник, Art Nouveau - Jacqueline",N/A,110,РАЗДЕЛНИЦИ,2025-05-15
94,"Уметнички разделник, Art Nouveau - Polette",N/A,110,РАЗДЕЛНИЦИ,2025-05-15
95,"Уметнички разделник, Art Nouveau - Louise",N/A,110,РАЗДЕЛНИЦИ,2025-05-15
96,"Уметнички разделник, Art Nouveau - Clodette",N/A,110,РАЗДЕЛНИЦИ,2025-05-15
97,"Срце, глава, стомак",Камило Кастело Бранко,350,КЛАСИЦИ,2025-05-15
98,"Разделник за книги, Kong",N/A,549,РАЗДЕЛНИЦИ,2025-05-15
99,"Разделник за книги, Psycho",N/A,439,РАЗДЕЛНИЦИ,2025-05-15
100,"Сет од 4 метални разделници, Harry Potter - Hogwarts Houses",N/A,1.750,РАЗДЕЛНИЦИ,2025-05-15
101,"Сет од 4 метални разделници, Da Vinci's Drawings",N/A,1.290,РАЗДЕЛНИЦИ,2025-05-15
102,"Уметнички разделник, Impressionists - Gauguin: Nafea faa ipoipo",N/A,110,РАЗДЕЛНИЦИ,2025-05-15
103,"Уметнички разделник, Impressionists - Cezanne: Mont Sainte-Victoire",N/A,110,РАЗДЕЛНИЦИ,2025-05-15
104,"Уметнички разделник, Impressionists - Renoir: Bal du moulin de la Galette",N/A,110,РАЗДЕЛНИЦИ,2025-05-15
105,"Уметнички разделник, Impressionists - Edouard Manet: A Bar at the Folies-Berg...",N/A,110,РАЗДЕЛНИЦИ,2025-05-15
106,"Уметничку разделник, Impressionists - Van Gogh: Sunflowers",N/A,110,РАЗДЕЛНИЦИ,2025-05-15
107,"Уметнички разделник, Impressionists - Van Gogh: Wheat Field with Cypresses",N/A,110,РАЗДЕЛНИЦИ,2025-05-15
108,"Уметнички разделник, Impressionists - Van Gogh: Café de Nuit",N/A,110,РАЗДЕЛНИЦИ,2025-05-15
109,"Уметнички разделник, Impressionists - Claude Monet: Woman with a parasol",N/A,110,РАЗДЕЛНИЦИ,2025-05-15
110,"Уметнички разделник, Impressionists - Edgar Degas: Dancers in Pink",N/A,110,РАЗДЕЛНИЦИ,2025-05-15
111,"Уметнички разделник, Impressionists - Edgar Degas: The Star",N/A,110,РАЗДЕЛНИЦИ,2025-05-15
112,"Уметнички разделник, Van Gogh - Sunflowers",N/A,110,РАЗДЕЛНИЦИ,2025-05-15
113,"Уметнички разделник, Van Gogh - Bedroom in Arles",N/A,110,РАЗДЕЛНИЦИ,2025-05-15
114,"Уметнички разделник, Van Gogh - Almond Blossom",N/A,110,РАЗДЕЛНИЦИ,2025-05-15
115,"Уметнички разделник, Van Gogh - Wheat Field with Cypresses",N/A,110,РАЗДЕЛНИЦИ,2025-05-15
116,"Уметнички разделник, Van Gogh - Starry Night",N/A,110,РАЗДЕЛНИЦИ,2025-05-15
117,"Уметнички разделник, Van Gogh - Café de Nuit",N/A,110,РАЗДЕЛНИЦИ,2025-05-15
118,"Уметнички разделник, Rosina Wachtmeister - My garden",N/A,110,РАЗДЕЛНИЦИ,2025-05-15
119,"Уметнички разделник, Rosina Wachtmeister - Fantasy",N/A,110,РАЗДЕЛНИЦИ,2025-05-15
120,"Уметнички разделник, Rosina Wachtmeister - Wonderland",N/A,110,РАЗДЕЛНИЦИ,2025-05-15
121,"Уметнички разделник, Rosina Wachtmeister - Stelle per due",N/A,110,РАЗДЕЛНИЦИ,2025-05-15
122,"Уметнички разделник, Rosina Wachtmeister - Giardino delle Rose",N/A,110,РАЗДЕЛНИЦИ,2025-05-15
123,"Уметнички разделник, Rosina Wachtmeister - Dolce Vita",N/A,110,РАЗДЕЛНИЦИ,2025-05-15
124,"Уметнички разделник, Rosina Wachtmeister - Bunte Katzen",N/A,110,РАЗДЕЛНИЦИ,2025-05-15
125,"Уметнички разделник, Rosina Wachtmeister - Visit to the theatre",N/A,110,РАЗДЕЛНИЦИ,2025-05-15
126,"Уметнички разделник, Rosina Wachtmeister - Momenti di felicità",N/A,110,РАЗДЕЛНИЦИ,2025-05-15
127,"Уметнички разделник, Rosina Wachtmeister - Vita Familiare",N/A,110,РАЗДЕЛНИЦИ,2025-05-15
128,"Уметнички разделник, Rosina Wachtmeister - Bibliotheca",N/A,110,РАЗДЕЛНИЦИ,2025-05-15
129,"Уметнички разделник, Rosina Wachtmeister - Libero",N/A,110,РАЗДЕЛНИЦИ,2025-05-15
130,"Уметнички разделник, Egon Schiele - Sitting Woman With Legs Drawn Up",N/A,110,РАЗДЕЛНИЦИ,2025-05-15
131,"Уметнички разделник, Kandinsky - Color Study: Squares with concentric circles...",N/A,110,РАЗДЕЛНИЦИ,2025-05-15
132,,N/A,110,РАЗДЕЛНИЦИ,2025-05-15
133,"Уметнички разделник, Gustav Klimt - Fulfillment",N/A,110,РАЗДЕЛНИЦИ,2025-05-15
134,"Уметнички разделник, Gustav Klimt - Adele Bloch Bauer",N/A,110,РАЗДЕЛНИЦИ,2025-05-15
135,"Уметнички разделник, Gustav Klimt - Tree of Life",N/A,110,РАЗДЕЛНИЦИ,2025-05-15
136,"Уметнички разделник, Gustav Klimt - The Kiss",N/A,110,РАЗДЕЛНИЦИ,2025-05-15
137,"Уметнички разделник, Gustav Klimt - Lady With Fan",N/A,110,РАЗДЕЛНИЦИ,2025-05-15
138,"Уметнички разделник, Gustav Klimt - The Virgins",N/A,110,РАЗДЕЛНИЦИ,2025-05-15
139,"Уметнички разделник, Art Nouveau - Madeleine",N/A,110,РАЗДЕЛНИЦИ,2025-05-15
140,"Уметнички разделник, Art Nouveau - Sarah",N/A,110,РАЗДЕЛНИЦИ,2025-05-15
141,"Уметнички разделник, Art Nouveau - Jacqueline",N/A,110,РАЗДЕЛНИЦИ,2025-05-15
142,"Уметнички разделник, Art Nouveau - Polette",N/A,110,РАЗДЕЛНИЦИ,2025-05-15
143,"Уметнички разделник, Art Nouveau - Louise",N/A,110,РАЗДЕЛНИЦИ,2025-05-15
144,"Уметнички разделник, Art Nouveau - Clodette",N/A,110,РАЗДЕЛНИЦИ,2025-05-15
145,Мапа на светот за гребење - Животни,N/A,439,МАПИ И КАРТИ,2025-05-15
146,Мапа на светот за гребење - Flags,N/A,539,МАПИ И КАРТИ,2025-05-15
147,Inspirational Quotes - coloring book,/,200,БОЕНКИ И ИЗРАБОТКИ ЗА ВОЗРАСНИ,2025-05-15
148,Креативно боење: Тајната градина,Оливија Георгиевска,200,БОЕНКИ И ИЗРАБОТКИ ЗА ВОЗРАСНИ,2025-05-15
149,"Разделник за книга, Thriller",N/A,355,РАЗДЕЛНИЦИ,2025-05-15
150,"Разделник за книга, Curious Cat",N/A,429,РАЗДЕЛНИЦИ,2025-05-15
151,"Разделник, Roma, мат месинг",N/A,980,РАЗДЕЛНИЦИ,2025-05-15
152,"Разделник, Penrose, сјаен месинг",N/A,980,РАЗДЕЛНИЦИ,2025-05-15
153,"Картички за мотивација - Женска моќ, 30 Day Challenge - Girl Power",N/A,760,МОТИВАЦИЈА И САМОПОМОШ,2025-05-15
154,"Картички за мотивација - Минимализам, 30 Day Challenge - Less is More",N/A,760,МОТИВАЦИЈА И САМОПОМОШ,2025-05-15
155,"Картички за мотивација - Благодарност, 30 Day Challenge - Gratitude",N/A,760,МОТИВАЦИЈА И САМОПОМОШ,2025-05-15
156,"Картички за мотивација - Прифаќање, 30 Day Challenge - Acceptance",N/A,760,МОТИВАЦИЈА И САМОПОМОШ,2025-05-15
157,"Разделник-лупа, Fresnel",N/A,289,РАЗДЕЛНИЦИ,2025-05-15
158,"Магнетни разделници, Cats - сет од 4",N/A,275,РАЗДЕЛНИЦИ,2025-05-15
159,"Разделник-лупа во форма на фотоапарат, Fresnel Bookmark 66mm Camera",N/A,320,РАЗДЕЛНИЦИ,2025-05-15
160,"Разделник-лупа во форма на книга, Fresnel Bookmark + Magnifier",N/A,330,РАЗДЕЛНИЦИ,2025-05-15
161,"Пенкало разделник, Writersblock, транспарентно",N/A,320,РАЗДЕЛНИЦИ,2025-05-15
162,"Пенкало разделник, Writersblock black bookmark pen, црно",N/A,320,РАЗДЕЛНИЦИ,2025-05-15
163,"Мини LED светло за читање, Mini folding booklight",N/A,769,РАЗДЕЛНИЦИ,2025-05-15
164,Книга за Вас - од Вашето одделение,N/A,500,КНИГИ ЗА ПОДАРОК,2025-05-15
165,Ти и јас,Бранка Бугариска,500,КНИГИ ЗА ПОДАРОК,2025-05-15
166,"Срце, глава, стомак",Камило Кастело Бранко,350,КЛАСИЦИ,2025-05-15
167,"Разделник за книги, Kong",N/A,549,РАЗДЕЛНИЦИ,2025-05-15
168,"Разделник за книги, Psycho",N/A,439,РАЗДЕЛНИЦИ,2025-05-15
169,"Сет од 4 метални разделници, Harry Potter - Hogwarts Houses",N/A,1.750,РАЗДЕЛНИЦИ,2025-05-15
170,"Сет од 4 метални разделници, Da Vinci's Drawings",N/A,1.290,РАЗДЕЛНИЦИ,2025-05-15
171,"Уметнички разделник, Impressionists - Gauguin: Nafea faa ipoipo",N/A,110,РАЗДЕЛНИЦИ,2025-05-15
172,"Уметнички разделник, Impressionists - Cezanne: Mont Sainte-Victoire",N/A,110,РАЗДЕЛНИЦИ,2025-05-15
173,"Уметнички разделник, Impressionists - Renoir: Bal du moulin de la Galette",N/A,110,РАЗДЕЛНИЦИ,2025-05-15
174,"Уметнички разделник, Impressionists - Edouard Manet: A Bar at the Folies-Berg...",N/A,110,РАЗДЕЛНИЦИ,2025-05-15
175,"Уметничку разделник, Impressionists - Van Gogh: Sunflowers",N/A,110,РАЗДЕЛНИЦИ,2025-05-15
176,"Уметнички разделник, Impressionists - Van Gogh: Wheat Field with Cypresses",N/A,110,РАЗДЕЛНИЦИ,2025-05-15
177,"Уметнички разделник, Impressionists - Van Gogh: Café de Nuit",N/A,110,РАЗДЕЛНИЦИ,2025-05-15
178,"Уметнички разделник, Impressionists - Claude Monet: Woman with a parasol",N/A,110,РАЗДЕЛНИЦИ,2025-05-15
179,"Уметнички разделник, Impressionists - Edgar Degas: Dancers in Pink",N/A,110,РАЗДЕЛНИЦИ,2025-05-15
180,"Уметнички разделник, Impressionists - Edgar Degas: The Star",N/A,110,РАЗДЕЛНИЦИ,2025-05-15
181,"Уметнички разделник, Van Gogh - Sunflowers",N/A,110,РАЗДЕЛНИЦИ,2025-05-15
182,"Уметнички разделник, Van Gogh - Bedroom in Arles",N/A,110,РАЗДЕЛНИЦИ,2025-05-15
183,"Уметнички разделник, Van Gogh - Almond Blossom",N/A,110,РАЗДЕЛНИЦИ,2025-05-15
184,"Уметнички разделник, Van Gogh - Wheat Field with Cypresses",N/A,110,РАЗДЕЛНИЦИ,2025-05-15
185,"Уметнички разделник, Van Gogh - Starry Night",N/A,110,РАЗДЕЛНИЦИ,2025-05-15
186,"Уметнички разделник, Van Gogh - Café de Nuit",N/A,110,РАЗДЕЛНИЦИ,2025-05-15
187,"Уметнички разделник, Rosina Wachtmeister - My garden",N/A,110,РАЗДЕЛНИЦИ,2025-05-15
188,"Уметнички разделник, Rosina Wachtmeister - Fantasy",N/A,110,РАЗДЕЛНИЦИ,2025-05-15
189,"Уметнички разделник, Rosina Wachtmeister - Wonderland",N/A,110,РАЗДЕЛНИЦИ,2025-05-15
190,"Уметнички разделник, Rosina Wachtmeister - Stelle per due",N/A,110,РАЗДЕЛНИЦИ,2025-05-15
191,"Уметнички разделник, Rosina Wachtmeister - Giardino delle Rose",N/A,110,РАЗДЕЛНИЦИ,2025-05-15
192,"Уметнички разделник, Rosina Wachtmeister - Dolce Vita",N/A,110,РАЗДЕЛНИЦИ,2025-05-15
193,"Уметнички разделник, Rosina Wachtmeister - Bunte Katzen",N/A,110,РАЗДЕЛНИЦИ,2025-05-15
194,"Уметнички разделник, Rosina Wachtmeister - Visit to the theatre",N/A,110,РАЗДЕЛНИЦИ,2025-05-15
195,"Уметнички разделник, Rosina Wachtmeister - Momenti di felicità",N/A,110,РАЗДЕЛНИЦИ,2025-05-15
196,"Уметнички разделник, Rosina Wachtmeister - Vita Familiare",N/A,110,РАЗДЕЛНИЦИ,2025-05-15
197,"Уметнички разделник, Rosina Wachtmeister - Bibliotheca",N/A,110,РАЗДЕЛНИЦИ,2025-05-15
198,"Уметнички разделник, Rosina Wachtmeister - Libero",N/A,110,РАЗДЕЛНИЦИ,2025-05-15
199,"Уметнички разделник, Egon Schiele - Sitting Woman With Legs Drawn Up",N/A,110,РАЗДЕЛНИЦИ,2025-05-15
200,"Уметнички разделник, Kandinsky - Color Study: Squares with concentric circles...",N/A,110,РАЗДЕЛНИЦИ,2025-05-15
201,,N/A,110,РАЗДЕЛНИЦИ,2025-05-15
202,"Уметнички разделник, Gustav Klimt - Fulfillment",N/A,110,РАЗДЕЛНИЦИ,2025-05-15
203,"Уметнички разделник, Gustav Klimt - Adele Bloch Bauer",N/A,110,РАЗДЕЛНИЦИ,2025-05-15
204,"Уметнички разделник, Gustav Klimt - Tree of Life",N/A,110,РАЗДЕЛНИЦИ,2025-05-15
205,"Уметнички разделник, Gustav Klimt - The Kiss",N/A,110,РАЗДЕЛНИЦИ,2025-05-15
206,"Уметнички разделник, Gustav Klimt - Lady With Fan",N/A,110,РАЗДЕЛНИЦИ,2025-05-15
207,"Уметнички разделник, Gustav Klimt - The Virgins",N/A,110,РАЗДЕЛНИЦИ,2025-05-15
208,"Уметнички разделник, Art Nouveau - Madeleine",N/A,110,РАЗДЕЛНИЦИ,2025-05-15
209,"Уметнички разделник, Art Nouveau - Sarah",N/A,110,РАЗДЕЛНИЦИ,2025-05-15
210,"Уметнички разделник, Art Nouveau - Jacqueline",N/A,110,РАЗДЕЛНИЦИ,2025-05-15
211,"Уметнички разделник, Art Nouveau - Polette",N/A,110,РАЗДЕЛНИЦИ,2025-05-15
212,"Уметнички разделник, Art Nouveau - Louise",N/A,110,РАЗДЕЛНИЦИ,2025-05-15
213,"Уметнички разделник, Art Nouveau - Clodette",N/A,110,РАЗДЕЛНИЦИ,2025-05-15
214,Мапа на светот за гребење - Животни,N/A,439,МАПИ И КАРТИ,2025-05-15
215,Мапа на светот за гребење - Flags,N/A,539,МАПИ И КАРТИ,2025-05-15
216,Inspirational Quotes - coloring book,/,200,БОЕНКИ И ИЗРАБОТКИ ЗА ВОЗРАСНИ,2025-05-15
217,Креативно боење: Тајната градина,Оливија Георгиевска,200,БОЕНКИ И ИЗРАБОТКИ ЗА ВОЗРАСНИ,2025-05-15
218,"Разделник за книга, Thriller",N/A,355,РАЗДЕЛНИЦИ,2025-05-15
219,"Разделник за книга, Curious Cat",N/A,429,РАЗДЕЛНИЦИ,2025-05-15
220,"Разделник, Roma, мат месинг",N/A,980,РАЗДЕЛНИЦИ,2025-05-15
221,"Разделник, Penrose, сјаен месинг",N/A,980,РАЗДЕЛНИЦИ,2025-05-15
222,"Картички за мотивација - Женска моќ, 30 Day Challenge - Girl Power",N/A,760,МОТИВАЦИЈА И САМОПОМОШ,2025-05-15
223,"Картички за мотивација - Минимализам, 30 Day Challenge - Less is More",N/A,760,МОТИВАЦИЈА И САМОПОМОШ,2025-05-15
224,"Картички за мотивација - Благодарност, 30 Day Challenge - Gratitude",N/A,760,МОТИВАЦИЈА И САМОПОМОШ,2025-05-15
225,"Картички за мотивација - Прифаќање, 30 Day Challenge - Acceptance",N/A,760,МОТИВАЦИЈА И САМОПОМОШ,2025-05-15
226,"Разделник-лупа, Fresnel",N/A,289,РАЗДЕЛНИЦИ,2025-05-15
227,"Магнетни разделници, Cats - сет од 4",N/A,275,РАЗДЕЛНИЦИ,2025-05-15
228,"Разделник-лупа во форма на фотоапарат, Fresnel Bookmark 66mm Camera",N/A,320,РАЗДЕЛНИЦИ,2025-05-15
229,"Разделник-лупа во форма на книга, Fresnel Bookmark + Magnifier",N/A,330,РАЗДЕЛНИЦИ,2025-05-15
230,"Пенкало разделник, Writersblock, транспарентно",N/A,320,РАЗДЕЛНИЦИ,2025-05-15
231,"Пенкало разделник, Writersblock black bookmark pen, црно",N/A,320,РАЗДЕЛНИЦИ,2025-05-15
232,"Мини LED светло за читање, Mini folding booklight",N/A,769,РАЗДЕЛНИЦИ,2025-05-15
233,Книга за Вас - од Вашето одделение,N/A,500,КНИГИ ЗА ПОДАРОК,2025-05-15
234,Ти и јас,Бранка Бугариска,500,КНИГИ ЗА ПОДАРОК,2025-05-15
