title,author,price,category,retrieved_at
Светот ти припаѓа тебе: Што ти недостасува?,Роберт Колиер,400.0,МОТИВАЦИЈА И САМОПОМОШ,2025-05-15
Светот ти припаѓа тебе: Погледни се како го правиш тоа,Роберт Колиер,400.0,МОТИВАЦИЈА И САМОПОМОШ,2025-05-15
Инвестирај во себе: Ментални пријатели и непријатели,Орисон Свет Марден,400.0,МОТИВАЦИЈА И САМОПОМОШ,2025-05-15
Инвестирај во себе: Биди општествено успешен,Орисон Свет Марден,400.0,МОТИВАЦИЈА И САМОПОМОШ,2025-05-15
Граматика на љубовта,Иван Бунин,300.0,РАСКАЗИ,2025-05-15
Големи зборови за мали уши: НЕПОТИЗАМ,Здравко Гиров (илустрации) Иван Дричко,220.0,СЛИКОВНИЦИ,2025-05-15
Зорки и Цветка,Оливера Ќорвезироска,290.0,СЛИКОВНИЦИ,2025-05-15
Тајната книга на Флора Лиа,Пати Калахан Хенри,520.0,ИСТОРИСКА ФИКЦИЈА,2025-05-15
Околу три по полноќ,Димитрие Дурацовски,500.0,МАКЕДОНСКА КНИЖЕВНОСТ,2025-05-15
Worthy (Достојни),Џејми Керн Лима,590.0,ПСИХОЛОГИЈА,2025-05-15
Чудесната џунгла,Наташа Поповска,135.0,СЛИКОВНИЦИ,2025-05-15
Ѕвезда на месечината,Марија Ралповска,200.0,РОМАНИ ЗА ДЕЦА,2025-05-15
Ние животните и вие децата,Љубинка Донева,250.0,ПОЕЗИЈА ЗА ДЕЦА,2025-05-15
Големата тајна,Марија Богатиновска,250.0,РОМАНИ ЗА ДЕЦА,2025-05-15
Здрава храна во шума собрана,Славица Андреева,180.0,СЛИКОВНИЦИ,2025-05-15
Соочување со антропоценот: Фосилниот капитализам и кризата на Земјиниот систе...,Ијан Ангус,500.0,ФИЛОЗОФИЈА И СВЕТОГЛЕД,2025-05-15
Indicta causa (Осуден во отсуство),Сашо Гигов - Гиш,300.0,МАКЕДОНСКА ПОЕЗИЈА,2025-05-15
небо трето,Ѓоко Здравески,300.0,МАКЕДОНСКА ПОЕЗИЈА,2025-05-15
Мачето Мице,Татјана Гаврилова,200.0,РОМАНИ ЗА ДЕЦА,2025-05-15
Приказна од Ефес: Антија и Хаброком,Ксенофонт од Ефес,270.0,КЛАСИЦИ,2025-05-15
Нешто трето,Максим Ристески,330.0,РАСКАЗИ,2025-05-15
Биби Боби и куќичката од чоколадо - Боенка,,99.0,БОЕНКИ И ИЗРАБОТКИ ЗА ВОЗРАСНИ,2025-05-15
Црното маче,Неше Рамовиќ,400.0,СЛИКОВНИЦИ,2025-05-15
"Ендодонција, том 1 и 2",Арналдо Кастелучи,18.5,СТОМАТОЛОГИЈА,2025-05-15
Господарка на играта,Сидни Шелдон,450.0,КРИМИ/ТРИЛЕР,2025-05-15
Ветување,Даниела Стил,380.0,РОМАНСИ,2025-05-15
Сега и засекогаш,Даниела Стил,420.0,РОМАНСИ,2025-05-15
Полн круг,Даниела Стил,420.0,РОМАНСИ,2025-05-15
Прстен,Даниела Стил,420.0,РОМАНСИ,2025-05-15
Клуч за успехот,Наполеон Хил,300.0,БИЗНИС И МЕНАЏМЕНТ,2025-05-15
Волшебни скали до успехот,Наполеон Хил,300.0,БИЗНИС И МЕНАЏМЕНТ,2025-05-15
Ако го дочекам утрото,Сидни Шелдон,450.0,КРИМИ/ТРИЛЕР,2025-05-15
Светот што чека да се роди,Скот Пек,450.0,ПСИХОЛОГИЈА,2025-05-15
Развивајте го лидерството во вас,Џон Максвел,380.0,ЛИДЕРСТВО,2025-05-15
Како да стекнете самодоверба,Норман Винсент Пил,380.0,МОТИВАЦИЈА И САМОПОМОШ,2025-05-15
,Dejvid Liberman,350.0,ПСИХОЛОГИЈА,2025-05-15
,Skot Pek,420.0,ПСИХОЛОГИЈА,2025-05-15
,Skot Pek,420.0,ДУХОВНОСТ,2025-05-15
,Skot Pek,420.0,ДУХОВНОСТ,2025-05-15
,Dzon Maksvel,300.0,ПСИХОЛОГИЈА,2025-05-15
Ништо не трае вечно,Сидни Шелдон,400.0,КРИМИ/ТРИЛЕР,2025-05-15
,Robert L.D Kuper,350.0,ПОЛИТИКА,2025-05-15
,Dejvid Livingston,500.0,ПОЛИТИКА,2025-05-15
Плима на сеќавања,Тили Багшо Сидни Шелдон,450.0,КРИМИ/ТРИЛЕР,2025-05-15
Главата на Кафка,Ристо Лазаров,150.0,МАКЕДОНСКА КНИЖЕВНОСТ,2025-05-15
Митологики. 4: Голиот човек,Клод Леви-Строс,1.35,АНТРОПОЛОГИЈА,2025-05-15
Митологики 3: Потеклото на однесувањето на трпеза,Клод Леви-Строс,950.0,АНТРОПОЛОГИЈА,2025-05-15
Руска убавица,Виктор Ерофеев,550.0,СОВРЕМЕНА КНИЖЕВНОСТ,2025-05-15
"Срце, глава, стомак",Камило Кастело Бранко,350.0,КЛАСИЦИ,2025-05-15
"Разделник за книги, Kong",,549.0,РАЗДЕЛНИЦИ,2025-05-15
"Разделник за книги, Psycho",,439.0,РАЗДЕЛНИЦИ,2025-05-15
"Сет од 4 метални разделници, Harry Potter - Hogwarts Houses",,1.75,РАЗДЕЛНИЦИ,2025-05-15
"Сет од 4 метални разделници, Da Vinci's Drawings",,1.29,РАЗДЕЛНИЦИ,2025-05-15
"Уметнички разделник, Impressionists - Gauguin: Nafea faa ipoipo",,110.0,РАЗДЕЛНИЦИ,2025-05-15
"Уметнички разделник, Impressionists - Cezanne: Mont Sainte-Victoire",,110.0,РАЗДЕЛНИЦИ,2025-05-15
"Уметнички разделник, Impressionists - Renoir: Bal du moulin de la Galette",,110.0,РАЗДЕЛНИЦИ,2025-05-15
"Уметнички разделник, Impressionists - Edouard Manet: A Bar at the Folies-Berg...",,110.0,РАЗДЕЛНИЦИ,2025-05-15
"Уметничку разделник, Impressionists - Van Gogh: Sunflowers",,110.0,РАЗДЕЛНИЦИ,2025-05-15
"Уметнички разделник, Impressionists - Van Gogh: Wheat Field with Cypresses",,110.0,РАЗДЕЛНИЦИ,2025-05-15
"Уметнички разделник, Impressionists - Van Gogh: Café de Nuit",,110.0,РАЗДЕЛНИЦИ,2025-05-15
"Уметнички разделник, Impressionists - Claude Monet: Woman with a parasol",,110.0,РАЗДЕЛНИЦИ,2025-05-15
"Уметнички разделник, Impressionists - Edgar Degas: Dancers in Pink",,110.0,РАЗДЕЛНИЦИ,2025-05-15
"Уметнички разделник, Impressionists - Edgar Degas: The Star",,110.0,РАЗДЕЛНИЦИ,2025-05-15
"Уметнички разделник, Van Gogh - Sunflowers",,110.0,РАЗДЕЛНИЦИ,2025-05-15
"Уметнички разделник, Van Gogh - Bedroom in Arles",,110.0,РАЗДЕЛНИЦИ,2025-05-15
"Уметнички разделник, Van Gogh - Almond Blossom",,110.0,РАЗДЕЛНИЦИ,2025-05-15
"Уметнички разделник, Van Gogh - Wheat Field with Cypresses",,110.0,РАЗДЕЛНИЦИ,2025-05-15
"Уметнички разделник, Van Gogh - Starry Night",,110.0,РАЗДЕЛНИЦИ,2025-05-15
"Уметнички разделник, Van Gogh - Café de Nuit",,110.0,РАЗДЕЛНИЦИ,2025-05-15
"Уметнички разделник, Rosina Wachtmeister - My garden",,110.0,РАЗДЕЛНИЦИ,2025-05-15
"Уметнички разделник, Rosina Wachtmeister - Fantasy",,110.0,РАЗДЕЛНИЦИ,2025-05-15
"Уметнички разделник, Rosina Wachtmeister - Wonderland",,110.0,РАЗДЕЛНИЦИ,2025-05-15
"Уметнички разделник, Rosina Wachtmeister - Stelle per due",,110.0,РАЗДЕЛНИЦИ,2025-05-15
"Уметнички разделник, Rosina Wachtmeister - Giardino delle Rose",,110.0,РАЗДЕЛНИЦИ,2025-05-15
"Уметнички разделник, Rosina Wachtmeister - Dolce Vita",,110.0,РАЗДЕЛНИЦИ,2025-05-15
"Уметнички разделник, Rosina Wachtmeister - Bunte Katzen",,110.0,РАЗДЕЛНИЦИ,2025-05-15
"Уметнички разделник, Rosina Wachtmeister - Visit to the theatre",,110.0,РАЗДЕЛНИЦИ,2025-05-15
"Уметнички разделник, Rosina Wachtmeister - Momenti di felicità",,110.0,РАЗДЕЛНИЦИ,2025-05-15
"Уметнички разделник, Rosina Wachtmeister - Vita Familiare",,110.0,РАЗДЕЛНИЦИ,2025-05-15
"Уметнички разделник, Rosina Wachtmeister - Bibliotheca",,110.0,РАЗДЕЛНИЦИ,2025-05-15
"Уметнички разделник, Rosina Wachtmeister - Libero",,110.0,РАЗДЕЛНИЦИ,2025-05-15
"Уметнички разделник, Egon Schiele - Sitting Woman With Legs Drawn Up",,110.0,РАЗДЕЛНИЦИ,2025-05-15
"Уметнички разделник, Kandinsky - Color Study: Squares with concentric circles...",,110.0,РАЗДЕЛНИЦИ,2025-05-15
,,110.0,РАЗДЕЛНИЦИ,2025-05-15
"Уметнички разделник, Gustav Klimt - Fulfillment",,110.0,РАЗДЕЛНИЦИ,2025-05-15
"Уметнички разделник, Gustav Klimt - Adele Bloch Bauer",,110.0,РАЗДЕЛНИЦИ,2025-05-15
"Уметнички разделник, Gustav Klimt - Tree of Life",,110.0,РАЗДЕЛНИЦИ,2025-05-15
"Уметнички разделник, Gustav Klimt - The Kiss",,110.0,РАЗДЕЛНИЦИ,2025-05-15
"Уметнички разделник, Gustav Klimt - Lady With Fan",,110.0,РАЗДЕЛНИЦИ,2025-05-15
"Уметнички разделник, Gustav Klimt - The Virgins",,110.0,РАЗДЕЛНИЦИ,2025-05-15
"Уметнички разделник, Art Nouveau - Madeleine",,110.0,РАЗДЕЛНИЦИ,2025-05-15
"Уметнички разделник, Art Nouveau - Sarah",,110.0,РАЗДЕЛНИЦИ,2025-05-15
"Уметнички разделник, Art Nouveau - Jacqueline",,110.0,РАЗДЕЛНИЦИ,2025-05-15
"Уметнички разделник, Art Nouveau - Polette",,110.0,РАЗДЕЛНИЦИ,2025-05-15
"Уметнички разделник, Art Nouveau - Louise",,110.0,РАЗДЕЛНИЦИ,2025-05-15
"Уметнички разделник, Art Nouveau - Clodette",,110.0,РАЗДЕЛНИЦИ,2025-05-15
"Срце, глава, стомак",Камило Кастело Бранко,350.0,КЛАСИЦИ,2025-05-15
"Разделник за книги, Kong",,549.0,РАЗДЕЛНИЦИ,2025-05-15
"Разделник за книги, Psycho",,439.0,РАЗДЕЛНИЦИ,2025-05-15
"Сет од 4 метални разделници, Harry Potter - Hogwarts Houses",,1.75,РАЗДЕЛНИЦИ,2025-05-15
"Сет од 4 метални разделници, Da Vinci's Drawings",,1.29,РАЗДЕЛНИЦИ,2025-05-15
"Уметнички разделник, Impressionists - Gauguin: Nafea faa ipoipo",,110.0,РАЗДЕЛНИЦИ,2025-05-15
"Уметнички разделник, Impressionists - Cezanne: Mont Sainte-Victoire",,110.0,РАЗДЕЛНИЦИ,2025-05-15
"Уметнички разделник, Impressionists - Renoir: Bal du moulin de la Galette",,110.0,РАЗДЕЛНИЦИ,2025-05-15
"Уметнички разделник, Impressionists - Edouard Manet: A Bar at the Folies-Berg...",,110.0,РАЗДЕЛНИЦИ,2025-05-15
"Уметничку разделник, Impressionists - Van Gogh: Sunflowers",,110.0,РАЗДЕЛНИЦИ,2025-05-15
"Уметнички разделник, Impressionists - Van Gogh: Wheat Field with Cypresses",,110.0,РАЗДЕЛНИЦИ,2025-05-15
"Уметнички разделник, Impressionists - Van Gogh: Café de Nuit",,110.0,РАЗДЕЛНИЦИ,2025-05-15
"Уметнички разделник, Impressionists - Claude Monet: Woman with a parasol",,110.0,РАЗДЕЛНИЦИ,2025-05-15
"Уметнички разделник, Impressionists - Edgar Degas: Dancers in Pink",,110.0,РАЗДЕЛНИЦИ,2025-05-15
"Уметнички разделник, Impressionists - Edgar Degas: The Star",,110.0,РАЗДЕЛНИЦИ,2025-05-15
"Уметнички разделник, Van Gogh - Sunflowers",,110.0,РАЗДЕЛНИЦИ,2025-05-15
"Уметнички разделник, Van Gogh - Bedroom in Arles",,110.0,РАЗДЕЛНИЦИ,2025-05-15
"Уметнички разделник, Van Gogh - Almond Blossom",,110.0,РАЗДЕЛНИЦИ,2025-05-15
"Уметнички разделник, Van Gogh - Wheat Field with Cypresses",,110.0,РАЗДЕЛНИЦИ,2025-05-15
"Уметнички разделник, Van Gogh - Starry Night",,110.0,РАЗДЕЛНИЦИ,2025-05-15
"Уметнички разделник, Van Gogh - Café de Nuit",,110.0,РАЗДЕЛНИЦИ,2025-05-15
"Уметнички разделник, Rosina Wachtmeister - My garden",,110.0,РАЗДЕЛНИЦИ,2025-05-15
"Уметнички разделник, Rosina Wachtmeister - Fantasy",,110.0,РАЗДЕЛНИЦИ,2025-05-15
"Уметнички разделник, Rosina Wachtmeister - Wonderland",,110.0,РАЗДЕЛНИЦИ,2025-05-15
"Уметнички разделник, Rosina Wachtmeister - Stelle per due",,110.0,РАЗДЕЛНИЦИ,2025-05-15
"Уметнички разделник, Rosina Wachtmeister - Giardino delle Rose",,110.0,РАЗДЕЛНИЦИ,2025-05-15
"Уметнички разделник, Rosina Wachtmeister - Dolce Vita",,110.0,РАЗДЕЛНИЦИ,2025-05-15
"Уметнички разделник, Rosina Wachtmeister - Bunte Katzen",,110.0,РАЗДЕЛНИЦИ,2025-05-15
"Уметнички разделник, Rosina Wachtmeister - Visit to the theatre",,110.0,РАЗДЕЛНИЦИ,2025-05-15
"Уметнички разделник, Rosina Wachtmeister - Momenti di felicità",,110.0,РАЗДЕЛНИЦИ,2025-05-15
"Уметнички разделник, Rosina Wachtmeister - Vita Familiare",,110.0,РАЗДЕЛНИЦИ,2025-05-15
"Уметнички разделник, Rosina Wachtmeister - Bibliotheca",,110.0,РАЗДЕЛНИЦИ,2025-05-15
"Уметнички разделник, Rosina Wachtmeister - Libero",,110.0,РАЗДЕЛНИЦИ,2025-05-15
"Уметнички разделник, Egon Schiele - Sitting Woman With Legs Drawn Up",,110.0,РАЗДЕЛНИЦИ,2025-05-15
"Уметнички разделник, Kandinsky - Color Study: Squares with concentric circles...",,110.0,РАЗДЕЛНИЦИ,2025-05-15
,,110.0,РАЗДЕЛНИЦИ,2025-05-15
"Уметнички разделник, Gustav Klimt - Fulfillment",,110.0,РАЗДЕЛНИЦИ,2025-05-15
"Уметнички разделник, Gustav Klimt - Adele Bloch Bauer",,110.0,РАЗДЕЛНИЦИ,2025-05-15
"Уметнички разделник, Gustav Klimt - Tree of Life",,110.0,РАЗДЕЛНИЦИ,2025-05-15
"Уметнички разделник, Gustav Klimt - The Kiss",,110.0,РАЗДЕЛНИЦИ,2025-05-15
"Уметнички разделник, Gustav Klimt - Lady With Fan",,110.0,РАЗДЕЛНИЦИ,2025-05-15
"Уметнички разделник, Gustav Klimt - The Virgins",,110.0,РАЗДЕЛНИЦИ,2025-05-15
"Уметнички разделник, Art Nouveau - Madeleine",,110.0,РАЗДЕЛНИЦИ,2025-05-15
"Уметнички разделник, Art Nouveau - Sarah",,110.0,РАЗДЕЛНИЦИ,2025-05-15
"Уметнички разделник, Art Nouveau - Jacqueline",,110.0,РАЗДЕЛНИЦИ,2025-05-15
"Уметнички разделник, Art Nouveau - Polette",,110.0,РАЗДЕЛНИЦИ,2025-05-15
"Уметнички разделник, Art Nouveau - Louise",,110.0,РАЗДЕЛНИЦИ,2025-05-15
"Уметнички разделник, Art Nouveau - Clodette",,110.0,РАЗДЕЛНИЦИ,2025-05-15
Мапа на светот за гребење - Животни,,439.0,МАПИ И КАРТИ,2025-05-15
Мапа на светот за гребење - Flags,,539.0,МАПИ И КАРТИ,2025-05-15
Inspirational Quotes - coloring book,,200.0,БОЕНКИ И ИЗРАБОТКИ ЗА ВОЗРАСНИ,2025-05-15
Креативно боење: Тајната градина,Оливија Георгиевска,200.0,БОЕНКИ И ИЗРАБОТКИ ЗА ВОЗРАСНИ,2025-05-15
"Разделник за книга, Thriller",,355.0,РАЗДЕЛНИЦИ,2025-05-15
"Разделник за книга, Curious Cat",,429.0,РАЗДЕЛНИЦИ,2025-05-15
"Разделник, Roma, мат месинг",,980.0,РАЗДЕЛНИЦИ,2025-05-15
"Разделник, Penrose, сјаен месинг",,980.0,РАЗДЕЛНИЦИ,2025-05-15
"Картички за мотивација - Женска моќ, 30 Day Challenge - Girl Power",,760.0,МОТИВАЦИЈА И САМОПОМОШ,2025-05-15
"Картички за мотивација - Минимализам, 30 Day Challenge - Less is More",,760.0,МОТИВАЦИЈА И САМОПОМОШ,2025-05-15
"Картички за мотивација - Благодарност, 30 Day Challenge - Gratitude",,760.0,МОТИВАЦИЈА И САМОПОМОШ,2025-05-15
"Картички за мотивација - Прифаќање, 30 Day Challenge - Acceptance",,760.0,МОТИВАЦИЈА И САМОПОМОШ,2025-05-15
"Разделник-лупа, Fresnel",,289.0,РАЗДЕЛНИЦИ,2025-05-15
"Магнетни разделници, Cats - сет од 4",,275.0,РАЗДЕЛНИЦИ,2025-05-15
"Разделник-лупа во форма на фотоапарат, Fresnel Bookmark 66mm Camera",,320.0,РАЗДЕЛНИЦИ,2025-05-15
"Разделник-лупа во форма на книга, Fresnel Bookmark + Magnifier",,330.0,РАЗДЕЛНИЦИ,2025-05-15
"Пенкало разделник, Writersblock, транспарентно",,320.0,РАЗДЕЛНИЦИ,2025-05-15
"Пенкало разделник, Writersblock black bookmark pen, црно",,320.0,РАЗДЕЛНИЦИ,2025-05-15
"Мини LED светло за читање, Mini folding booklight",,769.0,РАЗДЕЛНИЦИ,2025-05-15
Книга за Вас - од Вашето одделение,,500.0,КНИГИ ЗА ПОДАРОК,2025-05-15
Ти и јас,Бранка Бугариска,500.0,КНИГИ ЗА ПОДАРОК,2025-05-15
"Срце, глава, стомак",Камило Кастело Бранко,350.0,КЛАСИЦИ,2025-05-15
"Разделник за книги, Kong",,549.0,РАЗДЕЛНИЦИ,2025-05-15
"Разделник за книги, Psycho",,439.0,РАЗДЕЛНИЦИ,2025-05-15
"Сет од 4 метални разделници, Harry Potter - Hogwarts Houses",,1.75,РАЗДЕЛНИЦИ,2025-05-15
"Сет од 4 метални разделници, Da Vinci's Drawings",,1.29,РАЗДЕЛНИЦИ,2025-05-15
"Уметнички разделник, Impressionists - Gauguin: Nafea faa ipoipo",,110.0,РАЗДЕЛНИЦИ,2025-05-15
"Уметнички разделник, Impressionists - Cezanne: Mont Sainte-Victoire",,110.0,РАЗДЕЛНИЦИ,2025-05-15
"Уметнички разделник, Impressionists - Renoir: Bal du moulin de la Galette",,110.0,РАЗДЕЛНИЦИ,2025-05-15
"Уметнички разделник, Impressionists - Edouard Manet: A Bar at the Folies-Berg...",,110.0,РАЗДЕЛНИЦИ,2025-05-15
"Уметничку разделник, Impressionists - Van Gogh: Sunflowers",,110.0,РАЗДЕЛНИЦИ,2025-05-15
"Уметнички разделник, Impressionists - Van Gogh: Wheat Field with Cypresses",,110.0,РАЗДЕЛНИЦИ,2025-05-15
"Уметнички разделник, Impressionists - Van Gogh: Café de Nuit",,110.0,РАЗДЕЛНИЦИ,2025-05-15
"Уметнички разделник, Impressionists - Claude Monet: Woman with a parasol",,110.0,РАЗДЕЛНИЦИ,2025-05-15
"Уметнички разделник, Impressionists - Edgar Degas: Dancers in Pink",,110.0,РАЗДЕЛНИЦИ,2025-05-15
"Уметнички разделник, Impressionists - Edgar Degas: The Star",,110.0,РАЗДЕЛНИЦИ,2025-05-15
"Уметнички разделник, Van Gogh - Sunflowers",,110.0,РАЗДЕЛНИЦИ,2025-05-15
"Уметнички разделник, Van Gogh - Bedroom in Arles",,110.0,РАЗДЕЛНИЦИ,2025-05-15
"Уметнички разделник, Van Gogh - Almond Blossom",,110.0,РАЗДЕЛНИЦИ,2025-05-15
"Уметнички разделник, Van Gogh - Wheat Field with Cypresses",,110.0,РАЗДЕЛНИЦИ,2025-05-15
"Уметнички разделник, Van Gogh - Starry Night",,110.0,РАЗДЕЛНИЦИ,2025-05-15
"Уметнички разделник, Van Gogh - Café de Nuit",,110.0,РАЗДЕЛНИЦИ,2025-05-15
"Уметнички разделник, Rosina Wachtmeister - My garden",,110.0,РАЗДЕЛНИЦИ,2025-05-15
"Уметнички разделник, Rosina Wachtmeister - Fantasy",,110.0,РАЗДЕЛНИЦИ,2025-05-15
"Уметнички разделник, Rosina Wachtmeister - Wonderland",,110.0,РАЗДЕЛНИЦИ,2025-05-15
"Уметнички разделник, Rosina Wachtmeister - Stelle per due",,110.0,РАЗДЕЛНИЦИ,2025-05-15
"Уметнички разделник, Rosina Wachtmeister - Giardino delle Rose",,110.0,РАЗДЕЛНИЦИ,2025-05-15
"Уметнички разделник, Rosina Wachtmeister - Dolce Vita",,110.0,РАЗДЕЛНИЦИ,2025-05-15
"Уметнички разделник, Rosina Wachtmeister - Bunte Katzen",,110.0,РАЗДЕЛНИЦИ,2025-05-15
"Уметнички разделник, Rosina Wachtmeister - Visit to the theatre",,110.0,РАЗДЕЛНИЦИ,2025-05-15
"Уметнички разделник, Rosina Wachtmeister - Momenti di felicità",,110.0,РАЗДЕЛНИЦИ,2025-05-15
"Уметнички разделник, Rosina Wachtmeister - Vita Familiare",,110.0,РАЗДЕЛНИЦИ,2025-05-15
"Уметнички разделник, Rosina Wachtmeister - Bibliotheca",,110.0,РАЗДЕЛНИЦИ,2025-05-15
"Уметнички разделник, Rosina Wachtmeister - Libero",,110.0,РАЗДЕЛНИЦИ,2025-05-15
"Уметнички разделник, Egon Schiele - Sitting Woman With Legs Drawn Up",,110.0,РАЗДЕЛНИЦИ,2025-05-15
"Уметнички разделник, Kandinsky - Color Study: Squares with concentric circles...",,110.0,РАЗДЕЛНИЦИ,2025-05-15
,,110.0,РАЗДЕЛНИЦИ,2025-05-15
"Уметнички разделник, Gustav Klimt - Fulfillment",,110.0,РАЗДЕЛНИЦИ,2025-05-15
"Уметнички разделник, Gustav Klimt - Adele Bloch Bauer",,110.0,РАЗДЕЛНИЦИ,2025-05-15
"Уметнички разделник, Gustav Klimt - Tree of Life",,110.0,РАЗДЕЛНИЦИ,2025-05-15
"Уметнички разделник, Gustav Klimt - The Kiss",,110.0,РАЗДЕЛНИЦИ,2025-05-15
"Уметнички разделник, Gustav Klimt - Lady With Fan",,110.0,РАЗДЕЛНИЦИ,2025-05-15
"Уметнички разделник, Gustav Klimt - The Virgins",,110.0,РАЗДЕЛНИЦИ,2025-05-15
"Уметнички разделник, Art Nouveau - Madeleine",,110.0,РАЗДЕЛНИЦИ,2025-05-15
"Уметнички разделник, Art Nouveau - Sarah",,110.0,РАЗДЕЛНИЦИ,2025-05-15
"Уметнички разделник, Art Nouveau - Jacqueline",,110.0,РАЗДЕЛНИЦИ,2025-05-15
"Уметнички разделник, Art Nouveau - Polette",,110.0,РАЗДЕЛНИЦИ,2025-05-15
"Уметнички разделник, Art Nouveau - Louise",,110.0,РАЗДЕЛНИЦИ,2025-05-15
"Уметнички разделник, Art Nouveau - Clodette",,110.0,РАЗДЕЛНИЦИ,2025-05-15
Мапа на светот за гребење - Животни,,439.0,МАПИ И КАРТИ,2025-05-15
Мапа на светот за гребење - Flags,,539.0,МАПИ И КАРТИ,2025-05-15
Inspirational Quotes - coloring book,,200.0,БОЕНКИ И ИЗРАБОТКИ ЗА ВОЗРАСНИ,2025-05-15
Креативно боење: Тајната градина,Оливија Георгиевска,200.0,БОЕНКИ И ИЗРАБОТКИ ЗА ВОЗРАСНИ,2025-05-15
"Разделник за книга, Thriller",,355.0,РАЗДЕЛНИЦИ,2025-05-15
"Разделник за книга, Curious Cat",,429.0,РАЗДЕЛНИЦИ,2025-05-15
"Разделник, Roma, мат месинг",,980.0,РАЗДЕЛНИЦИ,2025-05-15
"Разделник, Penrose, сјаен месинг",,980.0,РАЗДЕЛНИЦИ,2025-05-15
"Картички за мотивација - Женска моќ, 30 Day Challenge - Girl Power",,760.0,МОТИВАЦИЈА И САМОПОМОШ,2025-05-15
"Картички за мотивација - Минимализам, 30 Day Challenge - Less is More",,760.0,МОТИВАЦИЈА И САМОПОМОШ,2025-05-15
"Картички за мотивација - Благодарност, 30 Day Challenge - Gratitude",,760.0,МОТИВАЦИЈА И САМОПОМОШ,2025-05-15
"Картички за мотивација - Прифаќање, 30 Day Challenge - Acceptance",,760.0,МОТИВАЦИЈА И САМОПОМОШ,2025-05-15
"Разделник-лупа, Fresnel",,289.0,РАЗДЕЛНИЦИ,2025-05-15
"Магнетни разделници, Cats - сет од 4",,275.0,РАЗДЕЛНИЦИ,2025-05-15
"Разделник-лупа во форма на фотоапарат, Fresnel Bookmark 66mm Camera",,320.0,РАЗДЕЛНИЦИ,2025-05-15
"Разделник-лупа во форма на книга, Fresnel Bookmark + Magnifier",,330.0,РАЗДЕЛНИЦИ,2025-05-15
"Пенкало разделник, Writersblock, транспарентно",,320.0,РАЗДЕЛНИЦИ,2025-05-15
"Пенкало разделник, Writersblock black bookmark pen, црно",,320.0,РАЗДЕЛНИЦИ,2025-05-15
"Мини LED светло за читање, Mini folding booklight",,769.0,РАЗДЕЛНИЦИ,2025-05-15
Книга за Вас - од Вашето одделение,,500.0,КНИГИ ЗА ПОДАРОК,2025-05-15
Ти и јас,Бранка Бугариска,500.0,КНИГИ ЗА ПОДАРОК,2025-05-15
