Title,Author,Real Price,Sale Price,Sale,Category,Retrieved At
АУТИСТОТ И ГУЛАБОТ ПИСМОНОСЕЦ,Родан Ал Галиди,449 ,399 ден,1,Романса,2025-05-17
БЕЗНАДЕЖНО,Колин Хувер,450 ден,,0,Романса,2025-05-17
ВИРТУОЗ,Маргрит де Мор,449 ден,,0,Романса,2025-05-17
ГОСПОЃА АТАТУРК Првата дама на модерна Турција,Ипек Чалишлар,799 ден,,0,Романса,2025-05-17
ДАВЕНИК,Маргрит де Мор,559 ден,,0,Романса,2025-05-17
ДЕВОЈКАТА А,Абигејл Дин,499 ден,,0,Романса,2025-05-17
ЗАШТИТНИКОТ Човекот од твоите соништа или најлошиот кошмар,Николас Спаркс,599 ден,,0,Романса,2025-05-17
ИСТОРИЈА НА ЉУБОВТА,Ники Краус,549 ден,,0,Романса,2025-05-17
КНИЖАРОТ ОД КАБУЛ,Осне Сејерштад,499 ден,,0,Романса,2025-05-17
ЛЕГНАВ ДА УМРАМ – Обоени птици,Адалет Агаоглу,699 ,549 ден,1,Романса,2025-05-17
МОЈОТ ЖИВОТ НА ЧИНИЈА,Индиа Најт,549 ,449 ден,1,Романса,2025-05-17
МОЛБА ЗА ЕРОС,Сири Хусведт,399 ,299 ден,1,Романса,2025-05-17
НА ПРВ ПОГЛЕД Колку далеку можеш да избегаш од своето минато,Николас Спаркс,599 ,499 ден,1,Романса,2025-05-17
НОЌИТЕ ВО РОДАНТ Љубовна врска турната до работ,Николас Спаркс,499 ,399 ден,1,Романса,2025-05-17
ПОСЛЕДИЦИТЕ ОД ЉУБОВТА Приказна за Ромео и Јулија против строгите муслимански закони на Саудиска Арабија,Сулејман Адонија,499 ден,,0,Романса,2025-05-17
ПРОЕКТОТ РОУЗИ,Грем Симсион,390 ден,,0,Романса,2025-05-17
ПРОШЕТКА ЗА СЕЌАВАЊЕ Сè се сведува на тоа кој е покрај тебе,Николас Спаркс,499 ,399 ден,1,Романса,2025-05-17
СВЕТИЛКА ЗА ХАНУКА,Томислав Османли,499 ден,,0,Романса,2025-05-17
СПАСУВАЊЕ Како повторно да научите да верувате,Николас Спаркс,599 ден,,0,Романса,2025-05-17
СПОКОЈ,Атила Бартиш,549 ден,,0,Романса,2025-05-17
СУЛТАНОТ ОД ВИЗАНТИЈА,Селџук Алтун,499 ден,,0,Романса,2025-05-17
ТЕ ЧЕКАМ,Џенифер Арментраут,450 ден,,0,Романса,2025-05-17
УМЕТНОСТА НА СОБЛЕКУВАЊЕТО Не е важно што облекуваш туку како го соблекуваш,Стефани Леман,599 ,499 ден,1,Романса,2025-05-17
ФРИДА ИЛИ ЗА БОЛКАТА,Славенка Дракулиќ,499 ден,,0,Романса,2025-05-17
ЧОКОЛАДО,Џоана Харис,599 ,499 ден,1,Романса,2025-05-17
БЕЛИ АНЂЕО – Икона,N/A,899 ден,,0,Икони,2025-05-17
БОГОРОДИЦА Majka Бoжја – Икона,N/A,899 ден,,0,Икони,2025-05-17
ВАСКРЕСЕЊЕ ХРИСТОВО- Икона,N/A,899 ден,,0,Икони,2025-05-17
ИСУС ХРИСТОС- Икона,N/A,899 ден,,0,Икони,2025-05-17
ПРЕСВЕТА БОГОРОДИЦА – Икона,N/A,899 ден,,0,Икони,2025-05-17
РОЖДЕСТВО ХРИСТОВО – Икона,N/A,899 ден,,0,Икони,2025-05-17
СВЕТ ЛУКА – Икона,N/A,899 ден,,0,Икони,2025-05-17
СВЕТА ПЕТКА – Икона,N/A,899 ден,,0,Икони,2025-05-17
СВЕТА ТРОЈИЦА – Икона,N/A,899 ден,,0,Икони,2025-05-17
СВЕТИ АРХАНГЕЛ МИХАИЛО – Икона,N/A,899 ден,,0,Икони,2025-05-17
СВЕТИ ВАСИЛИЈЕ ОСТРОШКИ – Икона,N/A,899 ден,,0,Икони,2025-05-17
СВЕТИ ВЕЛИКОМУЧЕНИК ДИМИТРИЈЕ – Икона,N/A,899 ден,,0,Икони,2025-05-17
СВЕТИ ГЕОРГИЈE – Икона,N/A,899 ден,,0,Икони,2025-05-17
СВЕТИ ДИМИТРИЈЕ – Икона,N/A,899 ден,,0,Икони,2025-05-17
СВЕТИ ЈОВАН КРСТИТЕЉ – Икона,N/A,899 ден,,0,Икони,2025-05-17
СВЕТИ НИКОЛА – Икона,N/A,899 ден,,0,Икони,2025-05-17
СВЕТИ САВА – Икона,N/A,899 ден,,0,Икони,2025-05-17
АЗБУКА ЗА НЕПОСЛУШНИТЕ – ФРЕСКИ И ГРОТЕСКИ,Венко Андоновски,450 ден,,0,Белетристика,2025-05-17
АКО ТОА Е ЉУБОВ Раскази,Михајло Пантиќ,449 ден,,0,Белетристика,2025-05-17
АМЕРИКАНСКА ПРАШИНА,Џенин Каминс,500 ден,,0,Белетристика,2025-05-17
АНА МАРИЈА,Лисјен Бодар,350 ден,,0,Белетристика,2025-05-17
АНЖЕЛИКА – МАРКИЗАТА НА АНГЕЛИТЕ,Ан Голон,799 ден,,0,Белетристика,2025-05-17
АРХИВАТА НА ШЕРЛОК ХОЛМС,Артур Конан Дојл,390 ден,,0,Белетристика,2025-05-17
АУТИСТОТ И ГУЛАБОТ ПИСМОНОСЕЦ,Родан Ал Галиди,449 ,399 ден,1,Белетристика,2025-05-17
АФЕРАТА КРИСТИ,Нина Де Грамонт,490 ден,,0,Белетристика,2025-05-17
АФЕРАТА МИС СТОН,Дарко Митревски,500 ден,,0,Белетристика,2025-05-17
АХИЛОВАТА ПЕСНА,Мадлин Милер,500 ден,,0,Белетристика,2025-05-17
БАЛТИМОР,Јелена Ленголд,399 ден,,0,Белетристика,2025-05-17
БАСКЕРВИЛСКИОТ ПЕС,Артур Конан Дојл,360 ден,,0,Белетристика,2025-05-17
БЕГСТВО ВО БУДИМ,Владислав Ванчура,500 ден,,0,Белетристика,2025-05-17
БЕДНИ ЛУЃЕ,Фјодор Достоевски,300 ден,,0,Белетристика,2025-05-17
БЕЛАДОНА,Даша Дрндиќ,599 ден,,0,Белетристика,2025-05-17
БЕЛИ ЗНАМИЊА,Нодар Думбадзе,499 ден,,0,Белетристика,2025-05-17
БИСЕРОТ ШТО ЈА СКРШИ ШКОЛКАТА,Надија Хашими,499 ден,,0,Белетристика,2025-05-17
БРАЧНИОТ ПОРТРЕТ,Меги О`Ферел,490 ден,,0,Белетристика,2025-05-17
БУДЕЊЕ Гласот на морето и зборува на душата,Кејт Шопен,499 ден,,0,Белетристика,2025-05-17
БУНТОТ НА АНГЕЛИТЕ,Анатол Франс,500 ден,,0,Белетристика,2025-05-17
БУРА НА МЕЧЕВИ – Челик и снег књига 2,Џорџ Р.Р.Мартин,499 ден,,0,Белетристика,2025-05-17
БУРА НА МЕЧЕВИ 1 – Челик и снег,Џорџ Р.Р.Мартин,499 ден,,0,Белетристика,2025-05-17
ВЕЧНИОТ СИН,Кристовао Теза,499 ,399 ден,1,Белетристика,2025-05-17
ВЕШТЕРСКИ ЧЕКАН,Вацлав Каплицки,490 ден,,0,Белетристика,2025-05-17
ВИРТУОЗ,Маргрит де Мор,449 ден,,0,Белетристика,2025-05-17
ВО ЕДЕН МИГ,Сузан Редферн,500 ден,,0,Белетристика,2025-05-17
ВО ЧЕСТ НА КАТАЛОНИЈА,Џорџ Орвел,549 ден,,0,Белетристика,2025-05-17
ВОЈНА И ЉУБОВ,Џули Бери,520 ден,,0,Белетристика,2025-05-17
ВОЛШЕБНИОТ АПРИЛ,Елизабет Фон Армин,500 ден,,0,Белетристика,2025-05-17
ВРАТИТЕ НА ПЕРЦЕПЦИЈАТА – РАЈ И ПЕКОЛ,Алдус Хаксли,449 ден,,0,Белетристика,2025-05-17
ВРАЌАЊЕТО НА ШЕРЛОК ХОЛМС,Артур Конан Дојл,420 ден,,0,Белетристика,2025-05-17
ВРЕМЕ Е ПОВТОРНО ДА ГИ ЗАПАЛИМЕ ЅВЕЗДИТЕ,Виржини Грималди,450 ден,,0,Белетристика,2025-05-17
ВРЕМЕ НА ПРЕПРАВАЊЕ,Жоао Пинто Коељо,450 ден,,0,Белетристика,2025-05-17
ВРЕМЕТО ПРЕД ПРИКАЗНАТА,Митко Маџунков,790 ден,,0,Белетристика,2025-05-17
ВТОРА ФОНДАЦИЈА,Исак Асимов,380 ден,,0,Белетристика,2025-05-17
ГОЗБА ЗА ВРАНИ КНИГА 1,Џорџ Р.Р.Мартин,499 ден,,0,Белетристика,2025-05-17
ГОЗБА ЗА ВРАНИ КНИГА 2,Џорџ Р.Р.Мартин,499 ден,,0,Белетристика,2025-05-17
ГОЛЕМИОТ ГЕТСБИ,Френсис Скот Фицџералд,250 ден,,0,Белетристика,2025-05-17
ГОСПОДАР НА ИМПЕРАТОРИТЕ,Гај Гавриел Кеј,899 ,799 ден,1,Белетристика,2025-05-17
ГОСПОДИН ИЗ САН ФРАНЦИСКА,Иван Алексејевич Буњин,499 ден,,0,Белетристика,2025-05-17
ГОСПОЃА АТАТУРК Првата дама на модерна Турција,Ипек Чалишлар,799 ден,,0,Белетристика,2025-05-17
ГРАДИНА НА ЉУБОВТА,Саша Обрадовиќ,499 ден,,0,Белетристика,2025-05-17
ГУБЕЊЕ ЗАСЕКОГАШ,Гел Фрејзен,399 ден,,0,Белетристика,2025-05-17
ДАВЕНИК,Маргрит де Мор,559 ден,,0,Белетристика,2025-05-17
ДЕВОЈКАТА А,Абигејл Дин,499 ден,,0,Белетристика,2025-05-17
ДЕВОЈКАТА ШТО ЈА НАСЛИКА СМРТТА,N/A,390 ден,,0,Белетристика,2025-05-17
ДЕВОЈКАТА ШТО ТРЕБАШЕ ДА УМРЕ,Давид Лагеркранц,500 ден,,0,Белетристика,2025-05-17
ДЕВОЈКИТЕ ШТО ГОРАТ,К. Џ. Тјудор,500 ден,,0,Белетристика,2025-05-17
ДЕЛИРИУМ,Лорен Оливер,350 ден,,0,Белетристика,2025-05-17
ДЕТЕТО НА МЕСЕЧЕВАТА СВЕТЛИНА,Карен Мекквешчен,500 ден,,0,Белетристика,2025-05-17
ДОБРО Е ДА СЕ ЗНАЕ!,Никола Груевски,590 ден,,0,Белетристика,2025-05-17
ДОЛИНАТА НА СТРАВОТ,Артур Конан Дојл,360 ден,,0,Белетристика,2025-05-17
ДРУГИ ЉУБОВНИ ПРИКАЗНИ,Лучијан Дан Тодоровиќ,399 ден,,0,Белетристика,2025-05-17
ДРУГИОТ АЈНШТАЈН,Мери Бенедикт,420 ден,,0,Белетристика,2025-05-17
ДУПКА – ОДИ ВО ПЕКОЛОТ драми,Али Мустафа Кемал Тут,299 ден,,0,Белетристика,2025-05-17
"Е, БАШ МЕ ЗАБОЛЕ – ДНЕВНИК",Марк Менсон,360 ден,,0,Белетристика,2025-05-17
ЕДЕН ОД НАС Е СЛЕДЕН,Карен М. Мекманус,450 ден,,0,Белетристика,2025-05-17
ЕДИНСТВЕН МАТИЧЕН БРОЈ,Лидија Димковска,350 ден,,0,Белетристика,2025-05-17
ЕЛИНЕ ВЕРЕ,Луис Коуперус,799 ден,,0,Белетристика,2025-05-17
ЖЕДНА РЕКА,Родан Ал Галиди,549 ден,,0,Белетристика,2025-05-17
ЖЕНАТА НЕ Е МАЖ,Итаф Рам,500 ден,,0,Белетристика,2025-05-17
ЖИВОТ БЕЗ ИМЕ,Владимир Стојсавњевиќ,599 ден,,0,Белетристика,2025-05-17
ЖИВОТИНСКА ФАРМА,Џорџ Орвел,399 ден,,0,Белетристика,2025-05-17
ЗА ВАШЕ ДОБРО,Саманта Даунинг,490 ден,,0,Белетристика,2025-05-17
ЗАГЛЕДАН У ЖИВОТ књига промишљања свакодневице,Иван Александрович Иљин,399 ден,,0,Белетристика,2025-05-17
ЗАКОНОТ НА ВЕЧНОСТА,Нодар Думбадзе,599 ден,,0,Белетристика,2025-05-17
ЗАЛОЖНИЦИ,Клер Мекинтош,500 ден,,0,Белетристика,2025-05-17
ЗАСЛЕПУВАЊЕ 1,Мирчеа Катареску,499 ден,,0,Белетристика,2025-05-17
ЗАСЛЕПУВАЊЕ 2,Мирчеа Катареску,499 ден,,0,Белетристика,2025-05-17
ЗАШТИТНИКОТ Човекот од твоите соништа или најлошиот кошмар,Николас Спаркс,599 ден,,0,Белетристика,2025-05-17
ЗБУНЕТОСТ,Ричард Пауерс,390 ден,,0,Белетристика,2025-05-17
ЗЛАТНАТА ДВОЈКА,Грир Хендрикс,490 ден,,0,Белетристика,2025-05-17
ЗНАКОТ НА ЧЕТВОРИЦАТА,Артур Конан Дојл,499 ден,,0,Белетристика,2025-05-17
И КОЈ И ДА МЕ СРЕТНЕ,Отар Чиладзе,699 ден,,0,Белетристика,2025-05-17
"И КОЊИТЕ ГИ УБИВААТ, ЗАРЕМ НЕ",Хорас МекКој,399 ден,,0,Белетристика,2025-05-17
ИГРА НА ТРОНОВИ КНИГА 1,Џорџ Р.Р.Мартин,499 ден,,0,Белетристика,2025-05-17
ИГРА НА ТРОНОВИ КНИГА 2,Џорџ Р.Р.Мартин,499 ден,,0,Белетристика,2025-05-17
ИЗГУБЕНИ ГЕРМАНЦИ,Дејан Дуковски,299 ден,,0,Белетристика,2025-05-17
ИМАШЕ МНОГУ КОЊИ,Луиз Руфато,499 ден,,0,Белетристика,2025-05-17
ИНСТИНКТ,Ешли Одрин,420 ден,,0,Белетристика,2025-05-17
ИСКРИ КАКО ЅВЕЗДИ,Надија Хашими,499 ден,,0,Белетристика,2025-05-17
ИСТОРИЈА НА ЉУБОВТА,Ники Краус,549 ден,,0,Белетристика,2025-05-17
ЈАМА,Александар Куприн,600 ден,,0,Белетристика,2025-05-17
ЈАНИЧАРИ,Луан Старова,450 ден,,0,Белетристика,2025-05-17
ЈАС СУМ МАЛАЛА,Малала Јусафсај,500 ден,,0,Белетристика,2025-05-17
КАЛИНКА,Назан Бекироглу,699 ден,,0,Белетристика,2025-05-17
КИРКА,Мадлин Милер,500 ден,,0,Белетристика,2025-05-17
КЛЕТВИТЕ НА ГОТВАЧОТ И ДРУГИ ГАДОСТИ,Срѓан Б. Тешин,399 ден,,0,Белетристика,2025-05-17
КНИГИ НАСПРОТИ ЦИГАРИ Есеи,Џорџ Орвел,499 ден,,0,Белетристика,2025-05-17
КНИЖАРОТ ОД КАБУЛ,Осне Сејерштад,499 ден,,0,Белетристика,2025-05-17
КОГА ВЕРУВАВМЕ ВО СИРЕНИ,Барбара Онил,500 ден,,0,Белетристика,2025-05-17
КОГА МЕСЕЧИНАТА Е НИСКО,Надија Хашими,499 ден,,0,Белетристика,2025-05-17
КОЛЕБЛИВИОТ ФУНДАМЕНТАЛИСТ,Мосин Хамид,449 ден,,0,Белетристика,2025-05-17
КОЛОНИЈАЛНА ИЗЛОЖБА,Ерик Орсена,500 ден,,0,Белетристика,2025-05-17
КОРМИЛАРОТ И НЕГОВАТА ЖЕНА,Јонас Лие,549 ден,,0,Белетристика,2025-05-17
КОРНЕЛ ЕШТИ,Деже Костољани,549 ден,,0,Белетристика,2025-05-17
КРАЛСТВОТО,Ју Несбе,600 ден,,0,Белетристика,2025-05-17
КРАТКИОТ ЧУДЕСЕН ЖИВОТ НА ОСКАР ВАО,Џуно Диаз,420 ден,,0,Белетристика,2025-05-17
КРВАВА МЕСЕЧИНА,Ју Несбе,600 ден,,0,Белетристика,2025-05-17
КУЌА БЕЗ ПРОЗОРЦИ,Надија Хашими,399 ден,,0,Белетристика,2025-05-17
ЛАЖЛИВИОТ ЖИВОТ НА ВОЗРАСНИТЕ,Елена Феранте,450 ден,,0,Белетристика,2025-05-17
ЛЕБАРКИ,Ју Несбе,500 ден,,0,Белетристика,2025-05-17
ЛЕВИЈАТАН,Пол Остер,499 ден,,0,Белетристика,2025-05-17
ЛЕГНАВ ДА УМРАМ – Обоени птици,Адалет Агаоглу,699 ,549 ден,1,Белетристика,2025-05-17
ЛЕКЦИИ ПО ХЕМИЈА,Бони Гармус,500 ден,,0,Белетристика,2025-05-17
ЛИЛЈАКОТ,Ју Несбе,500 ден,,0,Белетристика,2025-05-17
Лов на сенки–Кога секоја трага води кон нешто пострашно,N/A,599 ден,,0,Белетристика,2025-05-17
ЛУДВИГ,Давид Албахари,399 ден,,0,Белетристика,2025-05-17
ЉУБОВ ЅВЕЗДА,Андри Снар Магнасон,599 ден,,0,Белетристика,2025-05-17
ЉУБОВНА ХИПОТЕЗА,Али Хејзелвуд,500 ден,,0,Белетристика,2025-05-17
ЉУБОВНИ НЕВРОНИ,Али Хејзелвуд,500 ден,,0,Белетристика,2025-05-17
МАГНИХИЛД,Бјорнстјерн Бјорнсон,449 ден,,0,Белетристика,2025-05-17
МАМА ЛЕОНЕ,Миљенко Јерговиќ,499 ден,,0,Белетристика,2025-05-17
МАРТА,Елиза Ожешкова,500 ден,,0,Белетристика,2025-05-17
МЕЛИТА,Јосип Еуген Томиќ,500 ден,,0,Белетристика,2025-05-17
МЕРИ,Владимир Набоков,399 ден,,0,Белетристика,2025-05-17
МИСТЕРИЈАТА ВО СТАЈЛС,Агата Кристи,499 ден,,0,Белетристика,2025-05-17
МОЈАТА БОРБА 2,Адолф Хитлер,400 ден,,0,Белетристика,2025-05-17
МОЈАТА БОРБА Том 1 : Смрт во семејството,Карл Ове Кнаусгард,799 ,699 ден,1,Белетристика,2025-05-17
МОЈАТА БОРБА Том 2: ВЉУБЕНИОТ ЧОВЕК,Карл Ове Кнаусгард,799 ,699 ден,1,Белетристика,2025-05-17
МОЈАТА ЉУБОВ НИКОЛА ТЕСЛА Приказна за Кетрин МекМехон Џонсон,Ана Атанасковиќ,549 ден,,0,Белетристика,2025-05-17
МОЈАТА ЉУБОВНА ПРИКАЗНА,Тина Тарнер,450 ден,,0,Белетристика,2025-05-17
МОЈОТ ЖИВОТ НА ЧИНИЈА,Индиа Најт,549 ,449 ден,1,Белетристика,2025-05-17
МОЈОТ ТАТКО ПАБЛО ЕСКОБАР,Хуан Пабло Ескобар,450 ден,,0,Белетристика,2025-05-17
МОЛБА ЗА ЕРОС,Сири Хусведт,399 ,299 ден,1,Белетристика,2025-05-17
МОМЧЕТО ОД ШУМАТА,Харлан Кобен,430 ден,,0,Белетристика,2025-05-17
МОРЕ НА СПОКОЈСТВОТО,Емили Сент Џон Мандел,360 ден,,0,Белетристика,2025-05-17
МРТВИ КАПИТАЛИ,Јосип Козарац,300 ден,,0,Белетристика,2025-05-17
НА ДНОТО И ОТФРЛЕН ВО ПАРИЗ И ЛОНДОН,Џорџ Орвел,549 ден,,0,Белетристика,2025-05-17
НА ПРВ ПОГЛЕД Колку далеку можеш да избегаш од своето минато,Николас Спаркс,599 ,499 ден,1,Белетристика,2025-05-17
НАЈУБАВАТА ЖЕНА ВО ГРАДОТ И ДРУГИ РАСКАЗИ,Чарлс Буковски,499 ден,,0,Белетристика,2025-05-17
НАСЛЕДСТВО НА ШПИОНИТЕ,Џон Ле Каре,420 ден,,0,Белетристика,2025-05-17
НЕ ОДАМ НИКАДЕ,Румена Бужаровска,350 ден,,0,Белетристика,2025-05-17
НЕВИНАТА ЕРЕНДИРА И ДРУГИ РАСКАЗИ,Габриел Гарсија Маркез,449 ден,,0,Белетристика,2025-05-17
НЕКОЈ ШТО ГО ЗНАЕМЕ,Шари Лапена,450 ден,,0,Белетристика,2025-05-17
НЕОПИСЛИВИ НЕШТА,Џес Лаури,420 ден,,0,Белетристика,2025-05-17
НЕОЧЕКУВАНИОТ ПОСЕТИТЕЛ,Агата Кристи,399 ден,,0,Белетристика,2025-05-17
НЕРАНЦУЛА,Панаит Истрати,300 ден,,0,Белетристика,2025-05-17
НИЕ НЕ ТРЕБАШЕ ДА СЕ СРЕТНЕМЕ,Ањес Мартен-Лиган,400 ден,,0,Белетристика,2025-05-17
НОВИ ЗЛАТОУСТ кратак животопис светог владике Николаја,Епископ Артемије,299 ден,,0,Белетристика,2025-05-17
НОЖ,Ју Несбе,500 ден,,0,Белетристика,2025-05-17
НОСТАЛГИЈА,Мирчеа Картуреску,699 ден,,0,Белетристика,2025-05-17
НОЌИТЕ ВО РОДАНТ Љубовна врска турната до работ,Николас Спаркс,499 ,399 ден,1,Белетристика,2025-05-17
ОБИЧНА БЛАГОДАТ,Вилијам Кругер Кент,599 ден,,0,Белетристика,2025-05-17
ОБРАЗОВАНА,Тара Вестовер,500 ден,,0,Белетристика,2025-05-17
ОВДЕ НЕМА ДА ИМА ЧУДА,Горан Ферчец,499 ден,,0,Белетристика,2025-05-17
ОВИРИУМ ОТАДЕ СМРТТА,Агрон Усеини,350 ден,,0,Белетристика,2025-05-17
ОВИРИУМ ПОМЕЃУ СВЕТОВИ,Агрон Усеини,350 ден,,0,Белетристика,2025-05-17
ОДЕЊЕ ПО ОБЛАЦИТЕ,Михајло Пантиќ,399 ден,,0,Белетристика,2025-05-17
ОЛГА И ЛИНА,Еуген Кумичиќ,500 ден,,0,Белетристика,2025-05-17
ПАНАЃУРСКИОТ МАГИОНИЧАР – ТОА МОЖЕВ ДА БИДАМ ЈАС Разкази,Јелена Ленголд,399 ден,,0,Белетристика,2025-05-17
ПАНДЕМОНИУМ,Лорен Оливер,350 ден,,0,Белетристика,2025-05-17
ПАПОКОТ НА СВЕТЛИНАТА,Венко Андоновски,380 ден,,0,Белетристика,2025-05-17
ПЕДРО ПАРАМО,Хуан Рулфо,499 ден,,0,Белетристика,2025-05-17
ПЕКОЛ,Ерленд Лу,399 ден,,0,Белетристика,2025-05-17
ПИРАМИДА,Исмаил Кадаре,399 ден,,0,Белетристика,2025-05-17
ПИСМА СВЕТОЈ ЛИДИЈИ,Мелинда Џонсон,499 ден,,0,Белетристика,2025-05-17
ПИШУВАЊЕ КРАТКИ РАСКАЗИ,Андреј Блатник,399 ден,,0,Белетристика,2025-05-17
ПЛЕЈБОЈОТ И СТАОРЕЦОТ ПРИКАЗНАТА ЗА ЏЕЈМС ХАНТ И НИКИ ЛАУДА,Рој Кали,300 ден,,0,Белетристика,2025-05-17
ПЛОВЕЈЌИ КОН САРАНТИУМ,Гај Гавриел Кеј,799 ,699 ден,1,Белетристика,2025-05-17
ПОКОРУВАЈЌИ ГО ВОЈВОДАТА,Иви Данмор,500 ден,,0,Белетристика,2025-05-17
ПОЛНОЌЕН BOOGIE,Едо Поповиќ,399 ден,,0,Белетристика,2025-05-17
ПОСЛЕДИЦИТЕ ОД ЉУБОВТА Приказна за Ромео и Јулија против строгите муслимански закони на Саудиска Арабија,Сулејман Адонија,499 ден,,0,Белетристика,2025-05-17
ПОСЛЕДНАТА ОД ДЕВОЈКИТЕ МЕСЕЧИНИ,Барбара Дејвис,450 ден,,0,Белетристика,2025-05-17
ПОСЛЕДНИТЕ ДЕНОВИ НА МАЈКА МИ,Солви Бјорн Сигурдсон,549 ден,,0,Белетристика,2025-05-17
ПОСМРТНА МАСКА,Ласло Блашковиќ,449 ден,,0,Белетристика,2025-05-17
ПОШТАРОТ СЕКОГАШ SВОНИ ДВАПАТИ,Џејмс М Кејн,449 ден,,0,Белетристика,2025-05-17
ПРВИОТ ДЕН ОД ОСТАТОКОТ ОД ТВОЈОТ ЖИВОТ,Мод Анкауа,450 ден,,0,Белетристика,2025-05-17
ПРЕД ДА ЗАСПИЕШ,Лин Улман,599 ,499 ден,1,Белетристика,2025-05-17
ПРЕД СВЕТЛОТО,Вјенцеслав Новак,300 ден,,0,Белетристика,2025-05-17
ПРЕДУПРЕДУВАЊЕ ЗА СОДРЖИНАТА кратки фикции и вознемирувања,Нил Гејман,400 ден,,0,Белетристика,2025-05-17
"ПРЕКРАСЕН СВЕТУ, КАДЕ СИ",Сали Руни,500 ден,,0,Белетристика,2025-05-17
ПРИКАЗНА ЗА ИЗГУБЕНОТО ДЕВОЈЧЕ,Елена Феранте,600 ден,,0,Белетристика,2025-05-17
ПРИКАЗНА ЗА ОНИЕ ШТО ЗАМИНУВААТ И ЗА ОНИЕ ШТО ОСТАНУВААТ,Елена Феранте,600 ден,,0,Белетристика,2025-05-17
ПРИКАЗНИ ЗА ОБИЧНОТО ЛУДИЛО,Чарлс Буковски,549 ден,,0,Белетристика,2025-05-17
ПРИКАЗНИ ОД КАФУЛЕТО,Стефано Бени,449 ден,,0,Белетристика,2025-05-17
ПРОЕКТОТ АВТЕНТИЧНОСТ,Клер Пули,500 ден,,0,Белетристика,2025-05-17
ПРОШЕТКА ЗА СЕЌАВАЊЕ Сè се сведува на тоа кој е покрај тебе,Николас Спаркс,499 ,399 ден,1,Белетристика,2025-05-17
ПСИХА Бајка за возрасни,Луис Коуперус,499 ден,,0,Белетристика,2025-05-17
ПЧЕЛАРОТ ОД АЛЕПО,Кристи Лефтери,450 ден,,0,Белетристика,2025-05-17
РАЈОТ ШТО БЕШЕ ПОВТОРНО НАЈДЕН,Халдоур Лакснес,599 ден,,0,Белетристика,2025-05-17
РАСКАЖУВАЧКАТА,Џоди Пико,490 ден,,0,Белетристика,2025-05-17
РЕЗЕРВА,Принц Хари,590 ден,,0,Белетристика,2025-05-17
РЕЧИСИ НОРМАЛНО СЕМЕЈСТВО,М. Т. Едвардсон,500 ден,,0,Белетристика,2025-05-17
РУХИ МУЏЕРЕТ – ЧЕКАЈЌИ ГО КРАЈОТ,Мурат Ментеш,699 ден,,0,Белетристика,2025-05-17
САХИБ – ИМПРЕСИИ ОД ДЕПРЕСИЈАТА,Ненад Величковиќ,399 ден,,0,Белетристика,2025-05-17
СВЕТИЛКА ЗА ХАНУКА,Томислав Османли,499 ден,,0,Белетристика,2025-05-17
СВЕТИОТ ГЛАД,Бари Ансворт,500 ден,,0,Белетристика,2025-05-17
СЀ Е НЕКАДЕ НА ДРУГО МЕСТО Дневник,Александар Шмеман,799 ден,,0,Белетристика,2025-05-17
Се сакаме КОГА НИКОЈ НЕ ГЛЕДА,Алиса Кол,500 ден,,0,Белетристика,2025-05-17
СЕ СЛУЧИ ЕДНО ЛЕТО,Теса Бејли,500 ден,,0,Белетристика,2025-05-17
"СЕДУМТЕ патoписи за љубовта, планините и уметноста",Илина Арсова,450 ден,,0,Белетристика,2025-05-17
СЕМЕЈСТВО,Луиз Џенсен,450 ден,,0,Белетристика,2025-05-17
СЕМЕЈСТВОТО ВО ГИЛЈЕ Домашна приказна на четириесеттите,Јонас Лие,399 ден,,0,Белетристика,2025-05-17
СЕМОЌНОТО ЈАС,Пол Бусфилд,500 ден,,0,Белетристика,2025-05-17
СЕТА СВЕТЛИНА ШТО НЕ МОЖЕМЕ ДА ЈА ВИДИМЕ,Ентони Дор,500 ден,,0,Белетристика,2025-05-17
СИЛМАРИЛИОН,Џ. Р. Р. Толкин,550 ден,,0,Белетристика,2025-05-17
СКАРБО,Јадранка Владова,360 ден,,0,Белетристика,2025-05-17
СМРТТА НА БАНИ МАНРО,Ник Кејв,350 ден,,0,Белетристика,2025-05-17
СОБАРКАТА,Нита Проуз,450 ден,,0,Белетристика,2025-05-17
СОВПАЃАЊЕ,Харлан Кобен,490 ден,,0,Белетристика,2025-05-17
СОНУВАЧОТ,Владислав Рејмонт,500 ден,,0,Белетристика,2025-05-17
СПАСУВАЊЕ Како повторно да научите да верувате,Николас Спаркс,599 ден,,0,Белетристика,2025-05-17
СПЕКУЛУМ НА ЛУДАТА ЖЕНА,Татјана Срцева-Павловска,599 ,499 ден,1,Белетристика,2025-05-17
СПЕЦИЈАЛИСТ ЗА ЉУБОМОРА И ДРУГИ РАСКАЗИ,Ју Несбе,450 ден,,0,Белетристика,2025-05-17
СПЛИТ,Славољуб Станковиќ,449 ден,,0,Белетристика,2025-05-17
СПОКОЈ,Атила Бартиш,549 ден,,0,Белетристика,2025-05-17
СРЕЌА Е ДА ПИЈАМ ЧАЈ СО ТЕБЕ,Мамен Санчес,450 ден,,0,Белетристика,2025-05-17
СТАКЛЕН SИД,Владимир Тасиќ,449 ден,,0,Белетристика,2025-05-17
СТАКЛЕНИОТ ХОТЕЛ,Емили Сент Џон Мандел,400 ден,,0,Белетристика,2025-05-17
СТАНОТ ВО ПАРИЗ,Луси Фоли,490 ден,,0,Белетристика,2025-05-17
СТО И ЕДЕН ДЕН Багдадски дневник,Осне Сејерштад,599 ден,,0,Белетристика,2025-05-17
СТРАШНИ ПРИКАЗНИ,Сузана Камберова,390 ден,,0,Белетристика,2025-05-17
СТУДИЈА ВО СКЕРЛЕТНО ЦРВЕНО,Артур Конан Дојл,499 ден,,0,Белетристика,2025-05-17
СУДИР НА КРАЛЕВИ КНИГА 1,Џорџ Р.Р.Мартин,499 ден,,0,Белетристика,2025-05-17
СУДИР НА КРАЛЕВИ КНИГА 2,Џорџ Р.Р.Мартин,499 ден,,0,Белетристика,2025-05-17
СУЛТАНОТ ОД ВИЗАНТИЈА,Селџук Алтун,499 ден,,0,Белетристика,2025-05-17
ТАНЦ СО ЗМЕЈОВИТЕ 1 – Соништа и прав,Џорџ Р.Р.Мартин,499 ден,,0,Белетристика,2025-05-17
ТАНЦ СО ЗМЕЈОВИТЕ 2 – По гозбата,Џорџ Р.Р.Мартин,499 ден,,0,Белетристика,2025-05-17
ТАТКО,Миљенко Јерговиќ,399 ден,,0,Белетристика,2025-05-17
ТАТКО НА ЛЕДЕНИТЕ РИДОВИ,Драган Јовановиќ Данилов,299 ден,,0,Белетристика,2025-05-17
ТАТКО НА МОЈАТА ЌЕРКА,Ненад Величковиќ,499 ден,,0,Белетристика,2025-05-17
ТОКСИЧНИ ЛУЃЕ,Велко Неделковски,350 ден,,0,Белетристика,2025-05-17
ТРАГАЧОТ,Тана Френч,500 ден,,0,Белетристика,2025-05-17
ТРЧАМ ЗА ТЕБЕ,Кокан Ајановски,350 ден,,0,Белетристика,2025-05-17
ТУ,Патриша Грејс,420 ден,,0,Белетристика,2025-05-17
УБИСТВО НА ТЕРЕНОТ НА ГОЛФ,Агата Кристи,499 ден,,0,Белетристика,2025-05-17
УМЕТНОСТА НА НАСЛЕДУВАЊЕ ТАЈНИ,Барбара Онил,500 ден,,0,Белетристика,2025-05-17
УМЕТНОСТА НА СОБЛЕКУВАЊЕТО Не е важно што облекуваш туку како го соблекуваш,Стефани Леман,599 ,499 ден,1,Белетристика,2025-05-17
ФАЈРОНТ ВО САРАЕВО,Неле Карајлиќ,350 ден,,0,Белетристика,2025-05-17
ФАТЕНИ ВО ЉУБОВНА МРЕЖА,Теса Бејли,500 ден,,0,Белетристика,2025-05-17
ФАУ-2,Роберт Херис,420 ден,,0,Белетристика,2025-05-17
ФОНДАЦИЈА,Исак Асимов,380 ден,,0,Белетристика,2025-05-17
ФРИДА ИЛИ ЗА БОЛКАТА,Славенка Дракулиќ,499 ден,,0,Белетристика,2025-05-17
ХАМНЕТ,Меги О'ферел,420 ден,,0,Белетристика,2025-05-17
ХАРИ БИОГРАФИЈА,Марсија Муди,300 ден,,0,Белетристика,2025-05-17
ХАРИ ПОТЕР И ЗАТВОРЕНИКОТ ОД АЗКАБАН,Џ. К. Роулинг,700 ден,,0,Белетристика,2025-05-17
ХАРИ ПОТЕР И КАМЕНОТ НА МУДРОСТА,Џ. К. Роулинг,650 ден,,0,Белетристика,2025-05-17
ХАРИ ПОТЕР И ОДАЈАТА НА ТАЈНИТЕ,Џ. К. Роулинг,650 ден,,0,Белетристика,2025-05-17
ХАРИ ПОТЕР И ПЛАМЕНИОТ ПЕХАР,Џ. К. Роулинг,950 ден,,0,Белетристика,2025-05-17
ХАРИ ПОТЕР И ПОЛУКРВНИОТ ПРИНЦ,Џ. К. Роулинг,850 ден,,0,Белетристика,2025-05-17
ХАРИ ПОТЕР И РЕДОТ НА ФЕНИКСОТ,Џ. К. Роулинг,1.150 ден,,0,Белетристика,2025-05-17
ХАРИ ПОТЕР И РЕЛИКВИИТЕ НА СМРТТА,Џ. К. Роулинг,950 ден,,0,Белетристика,2025-05-17
ХАРТИЕНАТА ПАЛАТА,Миранда Каули Хелер,500 ден,,0,Белетристика,2025-05-17
"ХОРОСКОП Забавен водич за знаците, планетите и ѕвездите",N/A,449 ,399 ден,1,Белетристика,2025-05-17
ХОТЕЛ МЕЃУ ДВЕ ВОЈНИ,Александар Русјаков,420 ден,,0,Белетристика,2025-05-17
ЧОВЕКОТ ОД КРЕДА,К. Џ. Тјудор,420 ден,,0,Белетристика,2025-05-17
ЧОКОЛАДО,Џоана Харис,599 ,499 ден,1,Белетристика,2025-05-17
ЏУЛИЈАН АСАНЖ НЕАВТОРИЗИРАНА АВТОБИОГРАФИЈА,Џулијан Асанж,420 ден,,0,Белетристика,2025-05-17
ШПИОН ВО КУЌАТА НА ЉУБОВТА,Анаис Нин,399 ден,,0,Белетристика,2025-05-17
1984,Џорџ Орвел,599 ден,,0,Класики и современи класики,2025-05-17
THE LITTLE PRINCE,Antoine de Saint Exupery,299 ден,,0,Класики и современи класики,2025-05-17
А ПРОПО НИШТО,Вуди Ален,600 ден,,0,Класики и современи класики,2025-05-17
АНА КАРЕНИНА – ТОМ 2,Лав Николаевич Толстој,400 ден,,0,Класики и современи класики,2025-05-17
АНТИХРИСТОВИ МИРАКЛИ роман о социјализму,Селма Лагерлеф,499 ден,,0,Класики и современи класики,2025-05-17
АРХИЈЕРЕЈ изабране хришћанске приче,Антон Павлович Чехов,499 ден,,0,Класики и современи класики,2025-05-17
БАЈКА,Вилијам Фокнер,350 ден,,0,Класики и современи класики,2025-05-17
БАУДОЛИНО,Умберто Еко,500 ден,,0,Класики и современи класики,2025-05-17
БЕГСТВО ВО БУДИМ,Владислав Ванчура,500 ден,,0,Класики и современи класики,2025-05-17
БЕДНИ ЛУЃЕ,Фјодор Достоевски,300 ден,,0,Класики и современи класики,2025-05-17
БЕЛИ ЗНАМИЊА,Нодар Думбадзе,499 ден,,0,Класики и современи класики,2025-05-17
БРАЌАТА КАРАМАЗОВИ,Фјодор Михајлович Достоевски,750 ден,,0,Класики и современи класики,2025-05-17
БУДЕЊЕ Гласот на морето и зборува на душата,Кејт Шопен,499 ден,,0,Класики и современи класики,2025-05-17
БУНТОТ НА АНГЕЛИТЕ,Анатол Франс,500 ден,,0,Класики и современи класики,2025-05-17
БУРМАНСКИ ДЕНОВИ,Џорџ Орвел,699 ден,,0,Класики и современи класики,2025-05-17
ВО РЕГИСТРАТУРАТА,Анте Ковачевиќ,500 ден,,0,Класики и современи класики,2025-05-17
ВО ЧЕСТ НА КАТАЛОНИЈА,Џорџ Орвел,549 ден,,0,Класики и современи класики,2025-05-17
"ВОЈНА И МИР, ТОМ 1",Лав Николаевич Толстој,350 ден,,0,Класики и современи класики,2025-05-17
ВРАТИТЕ НА ПЕРЦЕПЦИЈАТА – РАЈ И ПЕКОЛ,Алдус Хаксли,449 ден,,0,Класики и современи класики,2025-05-17
ВРЕМЕНСКА МАШИНА,Х.Џ.Велс,199 ден,,0,Класики и современи класики,2025-05-17
ВТОРА ФОНДАЦИЈА,Исак Асимов,380 ден,,0,Класики и современи класики,2025-05-17
ГЕНЕРАЛОТ НА МРТВАТА ВОЈСКА,Исмаил Кадаре,390 ден,,0,Класики и современи класики,2025-05-17
ГОЛЕМАТА ЦРВЕНА КНИГА 2,Џелалудин Руми,350 ден,,0,Класики и современи класики,2025-05-17
ГОРДОСТ И ПРЕДРАСУДА,Џејн Остин,350 ден,,0,Класики и современи класики,2025-05-17
ГОСПОДИН ИЗ САН ФРАНЦИСКА,Иван Алексејевич Буњин,499 ден,,0,Класики и современи класики,2025-05-17
ГРОФОТ МАГНУС И ДРУГИ ПРИКАЗНИ ЗА ДУХОВИ,М. Р. Џејмс,349 ден,,0,Класики и современи класики,2025-05-17
ДНЕВНИКОТ НА АНА ФРАНК Скратена Илустрирана верзија,Напишана од учениците од Гимназијата Орце Николов,199 ден,,0,Класики и современи класики,2025-05-17
ДНЕВНИЦИ 1881-1953,Иван Алексејевич Буњин,499 ден,,0,Класики и современи класики,2025-05-17
ДОН ХУАН,Гонзало Торенте Баљестер,500 ден,,0,Класики и современи класики,2025-05-17
ЕСЕНТА НА ПАТРИЈАРХОТ,Габриел Гарсија Маркес,500 ден,,0,Класики и современи класики,2025-05-17
ЖИВЕ МОШТИ изабране хришћанске приче,Иван Сергејевич Тургењев,399 ден,,0,Класики и современи класики,2025-05-17
ЖИВОТИНСКА ФАРМА,Џорџ Орвел,399 ден,,0,Класики и современи класики,2025-05-17
ЗАКОНОТ НА ВЕЧНОСТА,Нодар Думбадзе,599 ден,,0,Класики и современи класики,2025-05-17
ЗАПЕЧАЋЕНИ АНЂЕО хришћанске приче и легенде,Николај Семјонович Љесков,399 ден,,0,Класики и современи класики,2025-05-17
ЗАСЛЕПУВАЊЕ 1,Мирчеа Катареску,499 ден,,0,Класики и современи класики,2025-05-17
ЗАСЛЕПУВАЊЕ 2,Мирчеа Катареску,499 ден,,0,Класики и современи класики,2025-05-17
ЗНАКОТ НА ЧЕТВОРИЦАТА,Артур Конан Дојл,499 ден,,0,Класики и современи класики,2025-05-17
И КОЈ И ДА МЕ СРЕТНЕ,Отар Чиладзе,699 ден,,0,Класики и современи класики,2025-05-17
"И КОЊИТЕ ГИ УБИВААТ, ЗАРЕМ НЕ",Хорас МекКој,399 ден,,0,Класики и современи класики,2025-05-17
ИМАШЕ МНОГУ КОЊИ,Луиз Руфато,499 ден,,0,Класики и современи класики,2025-05-17
ИМЕТО НА РОЗАТА,Умберто Еко,400 ден,,0,Класики и современи класики,2025-05-17
ЈЕРУСАЛИМ 1 у Даларна,Селма Лагерлеф,599 ден,,0,Класики и современи класики,2025-05-17
КЛАРА И СОНЦЕТО,Казуо Ишигуро,500 ден,,0,Класики и современи класики,2025-05-17
КНИГИ НАСПРОТИ ЦИГАРИ Есеи,Џорџ Орвел,499 ден,,0,Класики и современи класики,2025-05-17
КОРАЛИНА,Нил Гејман,399 ден,,0,Класики и современи класики,2025-05-17
КРАТКИОТ ЧУДЕСЕН ЖИВОТ НА ОСКАР ВАО,Џуно Диаз,420 ден,,0,Класики и современи класики,2025-05-17
КУГЛА И КРСТ,Гилберт Кит Честертон,399 ден,,0,Класики и современи класики,2025-05-17
ЉУБОВ ЅВЕЗДА,Андри Снар Магнасон,599 ден,,0,Класики и современи класики,2025-05-17
МАЛИОТ ПРИНЦ,Антон де Сент Егзипери,199 ден,,0,Класики и современи класики,2025-05-17
МЕРИ,Владимир Набоков,399 ден,,0,Класики и современи класики,2025-05-17
МИСЛИ ЗА ЖИВОТОТ И УМЕТНОСТА,Леонардо да Винчи,499 ден,,0,Класики и современи класики,2025-05-17
МИСТЕРИЈАТА ВО СТАЈЛС,Агата Кристи,499 ден,,0,Класики и современи класики,2025-05-17
"МОМО или чудесна приказна за крадците на време и за детето, кое на луѓето им го врати украденото време",Михаел Енде,649 ден,,0,Класики и современи класики,2025-05-17
НА ДНОТО И ОТФРЛЕН ВО ПАРИЗ И ЛОНДОН,Џорџ Орвел,549 ден,,0,Класики и современи класики,2025-05-17
НА ПОЛКОВНИКОТ НЕМА КОЈ ДА МУ ПИШУВА,Габриел Гарсија Маркес,300 ден,,0,Класики и современи класики,2025-05-17
НАЈУБАВАТА ЖЕНА ВО ГРАДОТ И ДРУГИ РАСКАЗИ,Чарлс Буковски,499 ден,,0,Класики и современи класики,2025-05-17
НАСЛИКАНИОТ ПРЕВЕЗ,Вилијам Сомерсет Мум,499 ден,,0,Класики и современи класики,2025-05-17
НЕВИНАТА ЕРЕНДИРА И ДРУГИ РАСКАЗИ,Габриел Гарсија Маркез,449 ден,,0,Класики и современи класики,2025-05-17
НЕОЧЕКУВАНИОТ ПОСЕТИТЕЛ,Агата Кристи,399 ден,,0,Класики и современи класики,2025-05-17
НИКОГАШ НЕ ОСТАВАЈ МЕ,Казуо Ишигуро,450 ден,,0,Класики и современи класики,2025-05-17
НОВИ ЗЛАТОУСТ кратак животопис светог владике Николаја,Епископ Артемије,299 ден,,0,Класики и современи класики,2025-05-17
НОСТАЛГИЈА,Мирчеа Картуреску,699 ден,,0,Класики и современи класики,2025-05-17
НОЌИ НА ЧУМА,Орхан Памук,890 ден,,0,Класики и современи класики,2025-05-17
НУЛТИОТ БРОЈ,Умберто Еко,360 ден,,0,Класики и современи класики,2025-05-17
ОДДЕЛ ЗА РАК,Александар Солженицин,500 ден,,0,Класики и современи класики,2025-05-17
ОСТРОВОТ НА ИСЧЕЗНАТИТЕ ДРВЈА,Елиф Шафак,500 ден,,0,Класики и современи класики,2025-05-17
ОТАЦ СЕРГИЈЕ изабране хришћанске приче,Лав Николајевич Толстој,399 ден,,0,Класики и современи класики,2025-05-17
ПЕДРО ПАРАМО,Хуан Рулфо,499 ден,,0,Класики и современи класики,2025-05-17
ПЕКОЛ,Ерленд Лу,399 ден,,0,Класики и современи класики,2025-05-17
ПИРАМИДА,Исмаил Кадаре,399 ден,,0,Класики и современи класики,2025-05-17
ПИСМА СВЕТОЈ ЛИДИЈИ,Мелинда Џонсон,499 ден,,0,Класики и современи класики,2025-05-17
ПОСЛЕДНИТЕ ДЕНОВИ НА МАЈКА МИ,Солви Бјорн Сигурдсон,549 ден,,0,Класики и современи класики,2025-05-17
ПОШТАРОТ СЕКОГАШ SВОНИ ДВАПАТИ,Џејмс М Кејн,449 ден,,0,Класики и современи класики,2025-05-17
ПРЕД ДА ЗАСПИЕШ,Лин Улман,599 ,499 ден,1,Класики и современи класики,2025-05-17
ПРЕДАЊА О ХРИСТУ,Селма Лагерлеф,599 ден,,0,Класики и современи класики,2025-05-17
ПРИКАЗНИ ЗА ОБИЧНОТО ЛУДИЛО,Чарлс Буковски,549 ден,,0,Класики и современи класики,2025-05-17
ПРИКАЗНИ ОД КАФУЛЕТО,Стефано Бени,449 ден,,0,Класики и современи класики,2025-05-17
РАЈОТ ШТО БЕШЕ ПОВТОРНО НАЈДЕН,Халдоур Лакснес,599 ден,,0,Класики и современи класики,2025-05-17
СЕ ГЛЕДАМЕ ВО АВГУСТ,Габриел Гарсија Маркес,350 ден,,0,Класики и современи класики,2025-05-17
СИДАРТА,Херман Хесе,250 ден,,0,Класики и современи класики,2025-05-17
СИЛМАРИЛИОН,Џ. Р. Р. Толкин,550 ден,,0,Класики и современи класики,2025-05-17
СЛИКАТА НА ДОРИЈАН ГРЕЈ,Оскар Вајлд,300 ден,,0,Класики и современи класики,2025-05-17
СОНУВАЧОТ,Владислав Рејмонт,500 ден,,0,Класики и современи класики,2025-05-17
"СРЦЕ, ГЛАВА, СТОМАК",Камило Кастело Бранко,350 ден,,0,Класики и современи класики,2025-05-17
СТО ГОДИНИ САМОТИЈА,Габриел Гарсија Маркес,550 ден,,0,Класики и современи класики,2025-05-17
СТУДИЈА ВО СКЕРЛЕТНО ЦРВЕНО,Артур Конан Дојл,499 ден,,0,Класики и современи класики,2025-05-17
СУНЧАНИЦА изабране приче 1920-1927,Иван Алексејевич Буњин,499 ден,,0,Класики и современи класики,2025-05-17
УБИСТВО НА ТЕРЕНОТ НА ГОЛФ,Агата Кристи,499 ден,,0,Класики и современи класики,2025-05-17
УБИСТВОТО НА КОМАНДАНТОТ,Харуки Мураками,650 ден,,0,Класики и современи класики,2025-05-17
ФАРЕНХАЈТ 451,Реј Бредбери,250 ден,,0,Класики и современи класики,2025-05-17
ХОБИТ,Џ.Р.Р. Толкин,699 ден,,0,Класики и современи класики,2025-05-17
ХРОНИКА НА ЕДНА НАЈАВЕНА СМРТ,Габриел Гарсија Маркес,300 ден,,0,Класики и современи класики,2025-05-17
ЧУВАЈ СЕ ОД СЕЊСКАТА РЕКА,Аугуст Шеноа,500 ден,,0,Класики и современи класики,2025-05-17
ШПИОН ВО КУЌАТА НА ЉУБОВТА,Анаис Нин,399 ден,,0,Класики и современи класики,2025-05-17
БАКНЕЖ,Џеклин Вилсон,599 ден,,0,Тинејџ,2025-05-17
ВЕШТЕРКИ,Роалд Дал,290 ден,,0,Тинејџ,2025-05-17
ВЉУБЕНИ ДЕВОЈКИ Приказна за вљубувањето на тинејџерите од модерното време,Џеклин Вилсон,399 ден,,0,Тинејџ,2025-05-17
ВОДИЧ ЗА ЖИВОТОТ НА ФЕНОМЕНАЛНИТЕ ДЕВОЈКИ,Ким Изо и Кери Марш,599 ,499 ден,1,Тинејџ,2025-05-17
ВОДИЧ НА МОДЕРНИТЕ ДЕВОЈКИ ЗА ВОЗБУДЛИВИ СОСТАНОЦИ Како да ја играте и да победите во играта на љубовта,Сара Арвенс,599 ,499 ден,1,Тинејџ,2025-05-17
ДЕВОЈКАТА ШТО СЕ ОМАЖИ СО ЛАВ,Александер МекКол Смит,399 ,299 ден,1,Тинејџ,2025-05-17
ДЕВОЈКИ ИЗЛЕЗЕНИ ДО ДОЦНА,Џеклин Вилсон,499 ден,,0,Тинејџ,2025-05-17
ДЕВОЈКИ ПОД ПРИТИСОК,Џеклин Вилсон,459 ден,,0,Тинејџ,2025-05-17
ДИЗИ – Роденден. Тајна. Тое е доволно да ја зашемети,Кети Кесиди,449 ,349 ден,1,Тинејџ,2025-05-17
ДИЈАМАНТСКИ ДЕВОЈКИ,Џеклин Вилсон,549 ден,,0,Тинејџ,2025-05-17
ИЛУСТРИРАНА МАЈКА,Џеклин Вилсон,559 ден,,0,Тинејџ,2025-05-17
ИНДИГО СИНО,Кети Кесиди,449 ,349 ден,1,Тинејџ,2025-05-17
ИНСТАНТ ДЕЧКО Толку малку време,Мери Кејт & Ешли,399 ,299 ден,1,Тинејџ,2025-05-17
ИСИДОРА МУН ЗАПАЃА ВО НЕВОЛЈА,Хариет Мункастер,290 ден,,0,Тинејџ,2025-05-17
ИСИДОРА МУН И ЅВЕЗДАТА ПАЃАЛКА,Хариет Мункастер,350 ден,,0,Тинејџ,2025-05-17
ИСИДОРА МУН ЈА ЗАПОЗНАВА ЗАБОВИЛАТА,Хариет Мункастер,350 ден,,0,Тинејџ,2025-05-17
ИСИДОРА МУН НАСТАПУВА НА ШОУ,Хариет Мункастер,290 ден,,0,Тинејџ,2025-05-17
ИСИДОРА МУН ОДИ НА БАЛЕТ,Хариет Мункастер,290 ден,,0,Тинејџ,2025-05-17
ИСИДОРА МУН ОДИ НА ЕКСКУРЗИЈА,Хариет Мункастер,290 ден,,0,Тинејџ,2025-05-17
ИСИДОРА МУН ОДИ НА КАМПУВАЊЕ,Хариет Мункастер,290 ден,,0,Тинејџ,2025-05-17
ИСИДОРА МУН ОДИ НА ОДМОР,Хариет Мункастер,350 ден,,0,Тинејџ,2025-05-17
ИСИДОРА МУН ОДИ НА ПАНАЃУР,Хариет Мункастер,290 ден,,0,Тинејџ,2025-05-17
ИСИДОРА МУН ОДИ НА ПРЕСПИВАЊЕ,Хариет Мункастер,290 ден,,0,Тинејџ,2025-05-17
ИСИДОРА МУН ОДИ НА СВАДБА,Хариет Мункастер,290 ден,,0,Тинејџ,2025-05-17
ИСИДОРА МУН ОДИ НА УЧИЛИШТЕ,Hariet Munkaster,290 ден,,0,Тинејџ,2025-05-17
ИСИДОРА МУН ПРАВИ ЗИМСКА МАГИЈА,Хариет Мункастер,490 ден,,0,Тинејџ,2025-05-17
ИСИДОРА МУН СЛАВИ РОДЕНДЕН,Хариет Мункастер,350 ден,,0,Тинејџ,2025-05-17
КАКО СО МОМЧИЊАТА Прирачник за девојки,Мери Кејт & Ешли,359 ,259 ден,1,Тинејџ,2025-05-17
КАПУТ ОД МОВ,Стефан Тиќми,300 ден,,0,Тинејџ,2025-05-17
ЉУБОВ И БАКНЕЖИ,Џин Ур,459 ,349 ден,1,Тинејџ,2025-05-17
ЉУБОВНИ ЛЕКЦИИ,Џеклин Вилсон,499 ден,,0,Тинејџ,2025-05-17
"МИНАТОТО, СЕГАШНОСТА И БУЧНАТА, БУЧНАТА ДЕВОЈКА",Карен МекКомби,449 ,349 ден,1,Тинејџ,2025-05-17
МИРАБЕЛА ГИ КРШИ ПРАВИЛАТА,Хариет Мункастер,350 ден,,0,Тинејџ,2025-05-17
МИРАБЕЛА ИМА ЛОШ ДЕН,Хариет Мункастер,350 ден,,0,Тинејџ,2025-05-17
МИРАБЕЛА ПРАВИ ПАЛАВОСТИ,Хариет Мункастер,350 ден,,0,Тинејџ,2025-05-17
НЕКА ЗАПОЧНЕ ШМЕК ФЕСТ,Луиз Ренисон,349 ,249 ден,1,Тинејџ,2025-05-17
НЕКА СНЕЖИ,Морин Џонсон,360 ден,,0,Тинејџ,2025-05-17
П.С. ПОСАКУВАМ ДА БЕШЕ ТУКА Дневниците на Мери Кејт и Ешли,Мери Кејт & Ешли,399 ден,,0,Тинејџ,2025-05-17
"ПЕПЕРУТКИ, ЗАКАЧКОВЦИ И ЛОШИ, ЛОШИ НАВИКИ",Карен МекКомби,499 ,399 ден,1,Тинејџ,2025-05-17
РАСПЛАКАНИ ДЕВОЈКИ,Џеклин Вилсон,499 ден,,0,Тинејџ,2025-05-17
РЕКВИЕМ,Лорен Оливер,500 ден,,0,Тинејџ,2025-05-17
"РИКО, ОСКАР И СКРШЕНОТО СРЦЕ",Андреас Штајнхефел,350 ден,,0,Тинејџ,2025-05-17
РОМЕО И ЈУЛИЈА,Скравена илустрирана верзија,199 ден,,0,Тинејџ,2025-05-17
СО РАЃАЊЕТО НА ЈАКОБ СЀ СЕ СМЕНИ,Кирстен Боје,359 ,259 ден,1,Тинејџ,2025-05-17
СОВРШЕНО ЛЕТО,Мери Кејт & Ешли,399 ден,,0,Тинејџ,2025-05-17
"СОСТАНОЦИ, ДВОЈНИ СОСТАНОЦИ И ГОЛЕМА, ГОЛЕМА НЕВОЉА",Карен МекКомби,449 ,349 ден,1,Тинејџ,2025-05-17
"СОСТАНОЦИ, ДРУЖЕЊА И ВСЕЛЕНСКИ БАКНЕЖИ",Кети Хопкинс,449 ,349 ден,1,Тинејџ,2025-05-17
"СОСТАНОЦИ, ДРУЖЕЊА И ГРАДНИЦИ НА НАДУВУВАЊЕ",Кети Хопкинс,449 ,349 ден,1,Тинејџ,2025-05-17
"СУПЕРВЕШТЕРКАТА, МАЧКАТА И ШЕСТЕ ВОЛШЕБНИ КОЛАЧИЊА",Biljana S. Crvenkovska,350 ден,,0,Тинејџ,2025-05-17
"ТАТО, ИМАМЕ ПРИКАЗНА!",Александар Таковски,350 ден,,0,Тинејџ,2025-05-17
ТОТО И МИСТЕРИОЗНИОТ КРАДЕЦ НА НАКИТ,Дермот О'лири,350 ден,,0,Тинејџ,2025-05-17
ТОТО И СУПЕРЗВЕЗДЕНАТА КАТАСТРОФА,Дермот О'лири,350 ден,,0,Тинејџ,2025-05-17
ТОТО МАЧКАТА-НИНЏА И ГОЛЕМОТО БЕГСТВО НА ЗМИЈАТА,Дермот О'лири,350 ден,,0,Тинејџ,2025-05-17
ТОТО МАЧКАТА-НИНЏА И НЕВЕРОЈАТНАТА КРАЖБА НА СИРЕЊЕТО,Дермот О'лири,350 ден,,0,Тинејџ,2025-05-17
А ПРОПО НИШТО,Вуди Ален,600 ден,,0,Уметност и архитектура,2025-05-17
АТМОСФЕРИ,Петар Цумтор,349 ден,,0,Уметност и архитектура,2025-05-17
ВО СЛАВА НА СЕНКИТЕ,Јунихиро Танизаки,399 ден,,0,Уметност и архитектура,2025-05-17
КОСТИМОТ ВО МАКЕДОНИЈА,Зорка Тодорова-Младеновиќ,750 ден,,0,Уметност и архитектура,2025-05-17
МИСЛЕЈЌИ АРХИТЕКТУРА,Петер Цумтор,399 ден,,0,Уметност и архитектура,2025-05-17
МИСЛИ ЗА ЖИВОТОТ И УМЕТНОСТА,Леонардо да Винчи,499 ден,,0,Уметност и архитектура,2025-05-17
НОЈФЕРТ АРХИТЕКТОНСКО ПРОЕКТИРАЊЕ,Ернст Нојферт,5.400 ден,,0,Уметност и архитектура,2025-05-17
ОЧИТЕ НА КОЖАТА Архитектурата и сетилата,Јухани Паласмаа,399 ден,,0,Уметност и архитектура,2025-05-17
ПРАВОСЛАВНА ЕСТЕТИКА ТЕЛА И ТАЈНА ПОЛНОСТИ,Милорад М. Лазић,399 ден,,0,Уметност и архитектура,2025-05-17
12 ЖИВОТНИ ПРАВИЛА,Џордан Питерсон,500 ден,,0,Економија,2025-05-17
22 НЕПРОМЕНЛИВИ ЗАКОНИ НА МАРКЕТИНГОТ и нивно прекршување на сопствен ризик,Ел Рајс,449 ден,,0,Економија,2025-05-17
50-тиот ЗАКОН,Роберт Грин и 50 цент,699 ден,,0,Економија,2025-05-17
7 ТАЈНИ НА УСПЕХОТ,Кенан Црикиќ,480 ден,,0,Економија,2025-05-17
8-та НАВИКА од успех до моќ,Стивен Ковеј,400 ден,,0,Економија,2025-05-17
MОТИВИРАЊЕ НА ВРАБОТЕНИТЕ Kако да го извлечите најдоброто од вашите вработени,Бери Силверстајн,499 ден,,0,Економија,2025-05-17
RICH DAD POOR DAD What the Rich Teach Their Kids About Money That the Poor and Middle Class Do Not,Robert Kiyosaki,599 ден,,0,Економија,2025-05-17
БАКНИ ЈА ЖАБАТА 12 извонредни начини како негативното во животот и работата да го претворите во позитивно,Брајан Трејси,499 ден,,0,Економија,2025-05-17
БЕЗ ОПРАВДУВАЊА моќта на самодисциплината,Брајан Трејси,400 ден,,0,Економија,2025-05-17
БИДЕТЕ ОПСЕДНАТИ ИЛИ БИДЕТЕ ПРОСЕЧНИ,Грант Кардон,450 ден,,0,Економија,2025-05-17
"БОГАТО ДЕТЕ, ПАМЕТНО ДЕТЕ вооружете го своето дете со финансиско предзнаење",Роберт Киосаки,500 ден,,0,Економија,2025-05-17
БОГАТСТВО ШТО НЕ СЕ КУПУВА СО ПАРИ,Робин Шарма,600 ден,,0,Економија,2025-05-17
ВИЕ СТЕ ВАШИТЕ УВЕРУВАЊА отфрлете ги бескорисните верувања и навики и создајте си иднина каква што посакувате,Смиљан Мори,990 ден,,0,Економија,2025-05-17
ВЛИЈАНИЕ,Роберт Б. Чалдини,690 ден,,0,Економија,2025-05-17
ГОЛЕМИ МИСЛИ – ГОЛЕМ УСПЕХ,Кристијан Д. Ларсон,300 ден,,0,Економија,2025-05-17
"ГРАДЕЊЕ ПОДОБАР БИЗНИС Клуч на идниот маркетинг, менаџмент и мотивација",Патрик Диксон,699 ден,,0,Економија,2025-05-17
ДА СЕ СМИСЛУВА И ДА СЕ ТАЛКА,Џеф Безос,450 ден,,0,Економија,2025-05-17
"ДНЕВНИ ЗАКОНИ 366 Медитации за моќта, заведувањето, мајсторството, стратегијата и човековата природа",Роберт Грин,799 ден,,0,Економија,2025-05-17
ДРАКЕР ЗА СЕКОЈ ДЕН – 366 ДЕНОВИ ЗА ПРОНИКЛИВОСТ И МОТИВАЦИЈА ЗА СРАБОТУВАЊЕ НА ПРАВИЛНИТЕ НЕШТА,Питер Дракер,799 ден,,0,Економија,2025-05-17
ЕФЕКТИВЕН ДИРЕКТОР,Питер Дракер,699 ден,,0,Економија,2025-05-17
ЗАВРШЕТЕ СО ПОЗИТИВНА НУЛА,Бил Перкинс,360 ден,,0,Економија,2025-05-17
ИЗЕДИ ЈА ЖАБАТА 21 Начин да престанете со одложувањето и да завршите повеќе работи за помалку време,Брајан Трејси,499 ден,,0,Економија,2025-05-17
КВАДРАНТОТ НА ПРОТОКОТ НА ПАРИТЕ водач на богатиот татко до финансиска слобода,Роберт Киосаки,500 ден,,0,Економија,2025-05-17
КЛУЧ ЗА УСПЕХОТ,Наполеон Хил,300 ден,,0,Економија,2025-05-17
"ЛИДЕРСТВО – МОЌНИ ПОТЕЗИ Инсајдерска книга на потези, мотивации и менаџмент совети",N/A,699 ден,,0,Економија,2025-05-17
ЛИДЕРСТВО И МЕНАЏЕРОТ ‘ЕДНА МИНУТА’ – ЗГОЛЕМИ ЈА ЕФЕКТИВНОСТА СТАНУВАJЌИ ДОБАР ЛИДЕР,Кен Бланчард,399 ден,,0,Економија,2025-05-17
МАЈСТОРСТВО,Роберт Грин,699 ден,,0,Економија,2025-05-17
МАРКЕТИНГ-МЕНАЏМЕНТ ЗНАЕЊА И ВЕШТИНИ,Џ. Пол Питер,1.900 ден,,0,Економија,2025-05-17
МЕНАЏЕРОТ ‘ЕДНА МИНУТА’ ВО АКЦИЈА Практичен водич за подобрување на перформансите,Кен Бланчард,399 ден,,0,Економија,2025-05-17
МЕНАЏЕРОТ ‘ЕДНА МИНУТА’ СОЗДАВА ВИСОКО ЕФИКАСНИ ТИМОВИ,Кен Бланчард,399 ден,,0,Економија,2025-05-17
"МЕНАЏЕРОТ ЕДНА МИНУТА Зголеми ја продуктивноста, профитот и сопствениот просперитет",Кен Бланчард,399 ден,,0,Економија,2025-05-17
МЕНАЏИРАЊЕ ЗА ИДНИНАТА,Питер Дракер,699 ден,,0,Економија,2025-05-17
МЕНАЏМЕНТСКИ ПРЕДИЗВИЦИ ЗА 21 ВЕК,Петер Дракер,699 ден,,0,Економија,2025-05-17
МИСЛИ И ЗБОГАТИ СЕ,Наполеон Хил,400 ден,,0,Економија,2025-05-17
МИСЛИ И ЗБОГАТИ СЕ практични чекори и откривање на тајната,Наполеон Хил,400 ден,,0,Економија,2025-05-17
"НАВИКИ ЗА УСПЕХ докажани принципи за поголемо богатство, здравје и среќа",Наполеон Хил,400 ден,,0,Економија,2025-05-17
НАДВОР ОД РАМКИТЕ приказна за успехот,Малком Гладвел,500 ден,,0,Економија,2025-05-17
НАДМУДРУВАЊЕ СО ЃАВОЛОТ,Наполеон Хил,350 ден,,0,Економија,2025-05-17
НАУКА ЗА СТЕКНУВАЊЕ БОГАТСТВО – ЗБОГАТИ СЕ БЕЗ МАКА,Волас Д. Вотлс,399 ден,,0,Економија,2025-05-17
"НАЧИНОТ НА ВОЛКОТ ОД ВОЛСТРИТ продавање по права линија: усовршете ја уметноста на убедување, влијание и успех",Џордан Белфорт,450 ден,,0,Економија,2025-05-17
ПАУН ВО ЗЕМЈАТА НА ПИНГВИНИТЕ басна за креативноста и храброста,Б.Џ. Галагер Хејтли,300 ден,,0,Економија,2025-05-17
ПЕРФЕКТЕН БИЗНИС ПЛАН – СÈ ШТО ВИ Е ПОТРЕБНО ЗА НЕГОВО ИЗГОТВУВАЊЕ,Рон Џонсон,599 ден,,0,Економија,2025-05-17
ПОРИВ,Даниел Х. Пинк,500 ден,,0,Економија,2025-05-17
ПРОДУКТИВНИ И СРЕЌНИ,Али Абдал,390 ден,,0,Економија,2025-05-17
ПСИХОЛОГИЈА НА ПАРИТЕ,Морган Хаусел,500 ден,,0,Економија,2025-05-17
ПСИХОЛОГИЈА НА ПРОДАЖБАТА Зголеми ја продажбата полесно и побрзо отколку што било кога мислеше дека е возможно,Брајан Трејси,699 ден,,0,Економија,2025-05-17
РАЗБУДЕТЕ ГО ЏИНОТ ВО СЕБЕ,Ентони Робинс,790 ден,,0,Економија,2025-05-17
РЕВОЛУЦИЈА ВО РАБОТАТА НА ДАЛЕЧИНА – ДА СЕ УСПЕЕ ОД СЕКАДЕ,Сидал Нили,390 ден,,0,Економија,2025-05-17
СОВЛАДУВАЊЕ НА ОДНОСИ СО ЈАВНОСТА,Антони Дејвис,699 ден,,0,Економија,2025-05-17
СОВРШЕН ЛИДЕР Совршен водич за ослободување на вашиот лидерски потенцијал,Ендру Ли,499 ден,,0,Економија,2025-05-17
СОВРШЕНО CV – СÈ ШТО ВИ Е ПОТРЕБНО ЗА НЕГОВО ИЗГОТВУВАЊЕ,Макс Егерт,499 ден,,0,Економија,2025-05-17
СТРАТЕГИЈА НА ПАЗАРОТ ЗА ЗДРАВСТВЕНА ЗАШТИТА од планирање до акција,Ерик Берковиц,990 ден,,0,Економија,2025-05-17
ТВОИТЕ ПЕТ СЛЕДНИ ПОТЕЗИ,Патрик Бет Дејвид,490 ден,,0,Економија,2025-05-17
ТОЧНИОТ НАСОЧЕН КОН ЦЕЛТА МЕНАЏЕР како менаџерот во последна минута го победил одложувањето,Кен Бланчард,399 ден,,0,Економија,2025-05-17
ТРГОВИЈА – 120 УНИВЕРЗАЛНИ ПРАВИЛА,Цербеер де Мееделшеим,399 ден,,0,Економија,2025-05-17
"ЦЕЛИ како да постигнете сé што посакувате, побрзо отколку што сте замислувале",Брајан Трејси,400 ден,,0,Економија,2025-05-17
ШТО Е МЕНАЏМЕНТ Како функционира менаџментот и зошто е потребен секому,Џоан Магрета,699 ден,,0,Економија,2025-05-17
БУДИМПЕШТАНСКИ ЗАПИСИ,Никола Груевски,590 ден,,0,Историја и политика,2025-05-17
ДОБРО Е ДА СЕ ЗНАЕ!,Никола Груевски,590 ден,,0,Историја и политика,2025-05-17
ЖИТИЕ НА СВЕТИ КЛИМЕНТ,Партениј Зографски,299 ден,,0,Историја и политика,2025-05-17
ЖИТИЈА НА СВЕТИТЕЛИТЕ јануари – јуни,N/A,800 ден,,0,Историја и политика,2025-05-17
ЖИТИЈА НА СВЕТИТЕЛИТЕ јули – декември,N/A,800 ден,,0,Историја и политика,2025-05-17
ИГРАЧИ НА ЖИЦИ огледи о књижевности и националном духу,Владимир Велмар-Јанковић,599 ден,,0,Историја и политика,2025-05-17
ИНДИЈА Враќањето на Александар од Индија,Флавиј Аријан,299 ден,,0,Историја и политика,2025-05-17
ИСТОРИЈА НА ОХРИДСКАТА АРХИЕПИСКОПИЈА Том 1,Иван Снегаров,1.000 ден,,0,Историја и политика,2025-05-17
ИСТОРИЈА НА ОХРИДСКАТА АРХИЕПИСКОПИЈА Том 2,Иван Снегаров,1.000 ден,,0,Историја и политика,2025-05-17
ЈЕРОСХИМОНАХ ЈОАНИКИЈЕ МОРОЈ,Архимандрит Јоаникије Балан,299 ден,,0,Историја и политика,2025-05-17
КОЈ ВЛАДЕЕ СО СВЕТОТ,Ноам Чомски,360 ден,,0,Историја и политика,2025-05-17
КРАТКА СВЕШТЕНА ИСТОРИЈА на старо и новозаветната Црква,Партениј Зографски,299 ден,,0,Историја и политика,2025-05-17
МИСЛИ ЗА БУГАРСКИОТ ЈАЗИК,Партениј Зографски,199 ден,,0,Историја и политика,2025-05-17
МЛАД МАКЕДОНЕЦ ВО ВОЈСКАТА НА АЛЕКСАНДАР ВЕЛИКИ,N/A,499 ден,,0,Историја и политика,2025-05-17
МОЈАТА БОРБА 2,Адолф Хитлер,400 ден,,0,Историја и политика,2025-05-17
МОЈОТ ТАТКО ПАБЛО ЕСКОБАР,Хуан Пабло Ескобар,450 ден,,0,Историја и политика,2025-05-17
ПРАВОСЛАВНАТА ЦРКВА И СОВРЕМЕНИОТ СВЕТ,Георгиј Капсанис,499 ден,,0,Историја и политика,2025-05-17
РАЗОТКРИВАЊЕ НА МАСОНСКИТЕ ТАЈНИ вистината за братството и за Соломоновиот клуч,РОБЕРТ Л. Д. КУПЕР,350 ден,,0,Историја и политика,2025-05-17
РЕДОТ НА МАСОНИТЕ,АНРИ ТОП НУГЕС,300 ден,,0,Историја и политика,2025-05-17
САПИЕНС,Јувал Харари,500 ден,,0,Историја и политика,2025-05-17
СВЕТСКИ ЗАГОВОР,Никола М. Николов,300 ден,,0,Историја и политика,2025-05-17
СПЕКУЛУМ НА ЛУДАТА ЖЕНА,Татјана Срцева-Павловска,599 ,499 ден,1,Историја и политика,2025-05-17
ТАКТИКИ И ИСКУСТВА ВО БИТКИТЕ ВО ДОБАТА НА НАПОЛЕОН,Рори Мјур,500 ден,,0,Историја и политика,2025-05-17
ТЕРОРИЗАМ И ИЛУМИНАТИТЕ три илјадагодишна историја,Дејвид Ливингстон,500 ден,,0,Историја и политика,2025-05-17
УМЕТНОСТА НА СТРАТЕГИЈАТА НА АЛЕКСАНДАР МАКЕДОНСКИ Вечни лекции од најголемиот император во историјата,Парта Босе,699 ден,,0,Историја и политика,2025-05-17
ХОМО ДЕУС кратка историја на иднината,Јувал Харари,500 ден,,0,Историја и политика,2025-05-17
ХРИСТИЈАНСТВОТО ВО МАКЕДОНИЈА Историјата како иконостас,Стефан Санџеакоски,399 ден,,0,Историја и политика,2025-05-17
ШОК ДОКТРИНА Подемот на капитализмот на катастофите,Наоми Клеин,849 ден,,0,Историја и политика,2025-05-17
12 ЖИВОТНИ ПРАВИЛА,Џордан Питерсон,500 ден,,0,Популарна психологија,2025-05-17
RICH DAD POOR DAD What the Rich Teach Their Kids About Money That the Poor and Middle Class Do Not,Robert Kiyosaki,599 ден,,0,Популарна психологија,2025-05-17
THE SUBTLE ART OF NOT GIVING A F*CK A Counterintuitive Approach to Living a Good Life,Mark Manson,699 ден,,0,Популарна психологија,2025-05-17
АРХИТЕКТУРА НА ЛИЧНОСТА,Х. Лорен,300 ден,,0,Популарна психологија,2025-05-17
БАРАЈ И ЌЕ ДОБИЕШ,N/A,420 ден,,0,Популарна психологија,2025-05-17
"БЕБИЊА И ДРУГИ ОПАСНОСТИ ОД СЕКСОТ Како да направите мала личност за само 9 месеци, со алатки што ги имате во домот",Дејв Бери,399 ден,,0,Популарна психологија,2025-05-17
БЕЗ ОПРАВДУВАЊА моќта на самодисциплината,Брајан Трејси,400 ден,,0,Популарна психологија,2025-05-17
БИБЛИЈА ЗА САМОПОЧИТ Изгради ја твојата самодоверба од ден на ден,Гаел Линденфилд,399 ден,,0,Популарна психологија,2025-05-17
БИДЕТЕ ПОЛЕЗНИ седум животни алатки,Арнолд Шварценегер,400 ден,,0,Популарна психологија,2025-05-17
БИДЕТЕ СВОЈ ПСИХОТЕРАПЕВТ,Џенет Рејн Вотер,340 ден,,0,Популарна психологија,2025-05-17
БИДИ МУДАР И НАУЧИ ДА САКАШ 365 медитации,Џејмс Ален,500 ден,,0,Популарна психологија,2025-05-17
БОГАТСТВО ШТО НЕ СЕ КУПУВА СО ПАРИ,Робин Шарма,600 ден,,0,Популарна психологија,2025-05-17
ВИСТИНА – КУСА ИСТОРИЈА НА ЧИСТИ ГЛУПОСТИ,Том Филипс,390 ден,,0,Популарна психологија,2025-05-17
ВЛАДЕЕЊЕ СО СЕБЕСИ,Кристијан Д. Ларсон,500 ден,,0,Популарна психологија,2025-05-17
ВЛИЈАНИЕ,Роберт Б. Чалдини,690 ден,,0,Популарна психологија,2025-05-17
ВНАТРЕШНАТА СВЕСТ,Вилијам Вокер Аткинсон,500 ден,,0,Популарна психологија,2025-05-17
ВНАТРЕШНИ КОНФЛИКТИ,Карен Хорнај,400 ден,,0,Популарна психологија,2025-05-17
ВОВЕД ВО ПСИХОАНАЛИЗА,Сигмунд Фројд,500 ден,,0,Популарна психологија,2025-05-17
ВОДИЧ ЗА ЗДРАВЈЕ,Махатма Ганди,500 ден,,0,Популарна психологија,2025-05-17
ВОЛШЕБНИ СКАЛИ ДО УСПЕХОТ,Наполеон Хил,300 ден,,0,Популарна психологија,2025-05-17
"ГЛАСОТ ВО НАШАТА ГЛАВА, ЗОШТО Е ВАЖЕН И КАКО ДА ГО КОРИСТИМЕ",Итан Крос,390 ден,,0,Популарна психологија,2025-05-17
"ГОЛЕМАТА ХРАБРОСТ како храброста да бидеме ранливи ни го менува животот, начинот на сакање, родителството и предводништвото",Брене Браун,450 ден,,0,Популарна психологија,2025-05-17
ГОЛЕМИ МИСЛИ – ГОЛЕМ УСПЕХ,Кристијан Д. Ларсон,300 ден,,0,Популарна психологија,2025-05-17
ГРАНИЦИ кога да кажеш да како да кажеш не,Хенри Клауд,699 ден,,0,Популарна психологија,2025-05-17
ГРУПА,Кристи Тејт,490 ден,,0,Популарна психологија,2025-05-17
ДЕПРЕСИЈА – духовен пристап,N/A,499 ден,,0,Популарна психологија,2025-05-17
ДЕЦАТА И РАЗВОДОТ,Драгана Батиќ,450 ден,,0,Популарна психологија,2025-05-17
ДОБИЈ СЕ ШТО САКАШ,Орисон Свет Марден,500 ден,,0,Популарна психологија,2025-05-17
"ДОБРИ ВИБРАЦИИ, ДОБАР ЖИВОТ",Векс Кинг,500 ден,,0,Популарна психологија,2025-05-17
ДРЖЕТЕ СЕ ДО СВОИТЕ ДЕЦА,Габор Мате,600 ден,,0,Популарна психологија,2025-05-17
"Е, БАШ МЕ ЗАБОЛЕ",Марк Менсон,390 ден,,0,Популарна психологија,2025-05-17
"ЕСЕНЦИЈАЛНИ МАНИРИ ЗА МАЖИТЕ Што да правите, кога да правите и зошто",Питер Пост,549 ден,,0,Популарна психологија,2025-05-17
ЖЕНСКАТА ПСИХОЛОГИЈА,Карен Хорнај,500 ден,,0,Популарна психологија,2025-05-17
ЗАКОНОТ НА ПРИВЛЕКУВАЊЕ,N/A,420 ден,,0,Популарна психологија,2025-05-17
ЗАПОЗНАЈ СЕ СЕБЕСИ И ДРУГИТЕ со тест на личноста,Штефани Штал,450 ден,,0,Популарна психологија,2025-05-17
ЗБОРОТЕРАПИЈА,Сузана Турунџиева,499 ден,,0,Популарна психологија,2025-05-17
ЗДРАВИОТ РАЗУМ,Јоритомо Таши,400 ден,,0,Популарна психологија,2025-05-17
ЗОШТО ЖИВЕЕМЕ,Алфред Адлер,300 ден,,0,Популарна психологија,2025-05-17
ЗОШТО МАЖИТЕ НЕ СЛУШААТ А ЖЕНИТЕ НЕ ЗНААТ ДА ЧИТААТ МАПИ,Алан И Барбара Пиз,450 ден,,0,Популарна психологија,2025-05-17
ЗОШТО НИКОЈ НЕ МИ ГО КАЖАЛ ОВА ПОРАНО?,Д-Р Џули Смит,450 ден,,0,Популарна психологија,2025-05-17
ИДНИНАТА НА УМОТ,Мичио Каку,600 ден,,0,Популарна психологија,2025-05-17
КАКВИ ШТО ТИ СЕ МИСЛИТЕ ТАКОВ ТИ Е ЖИВОТОТ,Џејмс Ален,500 ден,,0,Популарна психологија,2025-05-17
КАКО ДА ПРАВИТЕ НИШТО,Џени Одел,420 ден,,0,Популарна психологија,2025-05-17
КАКО СТЕКНАВ ТРАЈНО ЗДРАВЈЕ,Маја Волк,400 ден,,0,Популарна психологија,2025-05-17
КВАДРАНТОТ НА ПРОТОКОТ НА ПАРИТЕ водач на богатиот татко до финансиска слобода,Роберт Киосаки,500 ден,,0,Популарна психологија,2025-05-17
КЛУЧ ЗА УСПЕХОТ,Наполеон Хил,300 ден,,0,Популарна психологија,2025-05-17
КНИГА ШТО ПОСАКУВАТЕ ДА ЈА ПРОЧИТАЛЕ ВАШИТЕ РОДИТЕЛИ,Филипа Пери,450 ден,,0,Популарна психологија,2025-05-17
КНИГА ШТО САКАТЕ ДА ЈА ПРОЧИТААТ ВАШИТЕ САКАНИ а можеби и неколкумина други,Филипа Пери,400 ден,,0,Популарна психологија,2025-05-17
КОГА ТЕЛОТО ВЕЛИ НЕ цената на скриениот стрес,Габор Мате,550 ден,,0,Популарна психологија,2025-05-17
КОН ПОВИСОКО НИВО,Роб Дајл,390 ден,,0,Популарна психологија,2025-05-17
КРАЛСТВОТО НА САМОКОНТРОЛАТА,Вилијам Џорџ Џордан,300 ден,,0,Популарна психологија,2025-05-17
"ЉУБОВ, ОМРАЗА, ЛЕКУВАЊЕ",Мелани Клајн И Џоун Ривиер,500 ден,,0,Популарна психологија,2025-05-17
ЉУБОВНИОТ ГОВОР НА ТЕЛОТО,Алан и Барбара Пис,449 ден,,0,Популарна психологија,2025-05-17
МАГИЈА,Ронда Бирн,420 ден,,0,Популарна психологија,2025-05-17
МАЛА КНИГА ЗА ХИГЕ данскиот начин на добро живеењe,Мајк Викинг,780 ден,,0,Популарна психологија,2025-05-17
МАРС И ВЕНЕРА ВО СПАЛНАТА СОБА Водич за долготрајна романса и страст,Џон Греи,499 ден,,0,Популарна психологија,2025-05-17
МЕНТАЛНА ХИГИЕНА,Џ. Е. Волас Волин,500 ден,,0,Популарна психологија,2025-05-17
МОЖЕ ОНОЈ ШТО ВЕРУВА ДЕКА МОЖЕ,Орисон Свет Марден,400 ден,,0,Популарна психологија,2025-05-17
"МОЖЕБИ ТРЕБА ДА РАЗГОВАРАШ СО НЕКОГО соголување на еден психотерапевт, на нејзиниот психотерапевт и на нашите животи",Лори Готлиб,600 ден,,0,Популарна психологија,2025-05-17
МОЌТА,Ронда Бирн,450 ден,,0,Популарна психологија,2025-05-17
МОЌТА НА ДУХОВНАТА ИНТЕЛЕГЕНЦИЈА 10 начини како да нурнете во креативниот гениј во вас,Тони Бузан,449 ден,,0,Популарна психологија,2025-05-17
МОЌТА НА КРЕАТИВНАТА ИНТЕЛЕГЕНЦИЈА 10 начини како да нурнете во креативниот гениј во вас,Тони Бузан,449 ден,,0,Популарна психологија,2025-05-17
МОЌТА НА ЛИЧНОСТА,Орисон Свет Марден,300 ден,,0,Популарна психологија,2025-05-17
МОЌТА НА НАМЕРАТА,Вејн В. Дајер,450 ден,,0,Популарна психологија,2025-05-17
МОЌТА НА ПОЗИТИВНОТО ЖИВЕЕЊЕ,Даглас Луртон,400 ден,,0,Популарна психологија,2025-05-17
МОЌТА НА ПОЗИТИВНОТО МИСЛЕЊЕ,Норман Винсент Пил,450 ден,,0,Популарна психологија,2025-05-17
"МОЌТА НА ПОЗИТИВНОТО НЕ Kако да кажете Не, а сепак да дојдете до Да",Вилијам Јури,400 ден,,0,Популарна психологија,2025-05-17
МОЌТА НА ПОТСВЕСТА,Џозеф Марфи,400 ден,,0,Популарна психологија,2025-05-17
МОЌТА НА УМОТ – ТАЈНАТА НА МЕНТАЛНАТА МАГИЈА,Вилијам Вокер Аткинсон,500 ден,,0,Популарна психологија,2025-05-17
"МУЛТИВЕРЗУМ ЗА ПОЧЕТНИЦИ водич низ современата астрономија, космологија и космогонија",Златко Василкоски,450 ден,,0,Популарна психологија,2025-05-17
НАДВОР ОД РАМКИТЕ приказна за успехот,Малком Гладвел,500 ден,,0,Популарна психологија,2025-05-17
НАДВОР ОД РЕДОТ,Џордан Питерсон,500 ден,,0,Популарна психологија,2025-05-17
НАДМИНИ СЕ СЕБЕСИ,Џејмс Ален,300 ден,,0,Популарна психологија,2025-05-17
НАПРАВЕТЕ ГО СВОЈОТ ЖИВОТ РЕМЕК-ДЕЛО,Орисон Свет Марден,500 ден,,0,Популарна психологија,2025-05-17
"НАЧИНОТ НА ВОЛКОТ ОД ВОЛСТРИТ продавање по права линија: усовршете ја уметноста на убедување, влијание и успех",Џордан Белфорт,450 ден,,0,Популарна психологија,2025-05-17
НАШИОТ ЛУД МОЗОК,Дин Бурнет,420 ден,,0,Популарна психологија,2025-05-17
НЕ СЛУШАТЕ КОГА ВИ ЗБОРУВААТ,Кејт Марфи,420 ден,,0,Популарна психологија,2025-05-17
НОВА ЗЕМЈА,Екарт Тол,400 ден,,0,Популарна психологија,2025-05-17
ОД ДЕТСТВО ДО АДОЛЕСЦЕНЦИЈА,Марија Монтесори,399 ден,,0,Популарна психологија,2025-05-17
ОДМОТАЈТЕ ГО КЛОПЧЕТО НА АНКСИОЗНОСТА – како да ги прекинете циклусите на загриженост и страв за да го излекувате својот ум со помош на науката,Џадсон Бруер,450 ден,,0,Популарна психологија,2025-05-17
ОПКРУЖЕНИ СО ИДИОТИ четири видови однесување на човекот и како ефикасно да комуницирате во бизнисот,Аилса Франк,399 ден,,0,Популарна психологија,2025-05-17
ОПКРУЖЕНИ СО ПСИХОПАТИ како да спречите да бидете искористувани од другите,Томас Ериксон,399 ден,,0,Популарна психологија,2025-05-17
"ОСВЕТЛУВАЊЕ НА ЖИВОТНИТЕ ПОТЕШКОТИИ: КАКО РАЗМИСЛУВАШ, ТАКОВ СИ!",Џејмс Ален,300 ден,,0,Популарна психологија,2025-05-17
ОСЛОБОДЕТЕ ЈА МОЌТА НА ПОТСВЕСТА,Џозеф Марфи,400 ден,,0,Популарна психологија,2025-05-17
ОСТВАРЕТЕ ГИ СВОИТЕ НАТПРИРОДНИ ПОТЕНЦИЈАЛИ како обичните луѓе го постигнуваат чудесното,Џо Диспенца,580 ден,,0,Популарна психологија,2025-05-17
ОСУМ ПРАВИЛА НА ЉУБОВТА,Џеј Шети,600 ден,,0,Популарна психологија,2025-05-17
ПАТОТ НА ДУШИТЕ,Мајкл Њутн,480 ден,,0,Популарна психологија,2025-05-17
"ПАТОТ НА СУПЕРИОРНИОТ МАЖ духовен водич за совладување на предизвиците поврзани со жените, работата и сексуалната желба",Дејвид Деида,400 ден,,0,Популарна психологија,2025-05-17
ПЕТМИНУТНА ТЕРАПИЈА,Сара Крозби,390 ден,,0,Популарна психологија,2025-05-17
ПЛАНИНАТА СИ ТИ,Бријана Вист,320 ден,,0,Популарна психологија,2025-05-17
ПРАВИЛОТО 5 СЕКУНДИ,Мел Робинс,500 ден,,0,Популарна психологија,2025-05-17
ПРЕСВРТ ВО АУТИЗМОТ Водич за родители на мали деца за откривање рани знаци на аутизам,Др. Мери Линч Барбара,599 ден,,0,Популарна психологија,2025-05-17
ПРИРАЧНИК ЗА ЉУБОВТА,Барбара де Анџелис,399 ден,,0,Популарна психологија,2025-05-17
ПРОБЛЕМАТИЧНОТО ДЕТЕ,Александер Сатерленд Нил,500 ден,,0,Популарна психологија,2025-05-17
ПРОДУКТИВНИ И СРЕЌНИ,Али Абдал,390 ден,,0,Популарна психологија,2025-05-17
ПСИХОЛОГИЈА НА ВНИМАНИЕТО,Теодул Рибо,500 ден,,0,Популарна психологија,2025-05-17
ПСИХОЛОГИЈА НА ДЕТЕТО воспитување на децата,Алфред Адлер,400 ден,,0,Популарна психологија,2025-05-17
ПСИХОЛОГИЈА НА ДЕТЕТО Индивидуалната психологија во училиштето,Алфред Адлер,400 ден,,0,Популарна психологија,2025-05-17
ПСИХОЛОГИЈА НА ДОКАЗИТЕ И СУГЕСТИИТЕ,Волтер Дил Скот,400 ден,,0,Популарна психологија,2025-05-17
ПСИХОЛОГИЈА НА ЕМОЦИИТЕ,Теодул Рибо,400 ден,,0,Популарна психологија,2025-05-17
ПСИХОЛОГИЈА НА ЉУБОВТА,Сигмунд Фројд,500 ден,,0,Популарна психологија,2025-05-17
ПСИХОЛОГИЈА НА СЕКСУАЛНОСТА,Хавелок Елис,400 ден,,0,Популарна психологија,2025-05-17
ПСИХОЛОГИЈА НА ТОЛПАТА,Гистав Ле Бон,500 ден,,0,Популарна психологија,2025-05-17
ПСИХОПАТОЛОГИЈА НА СЕКОЈДНЕВНИОТ ЖИВОТ,Сигмунд Фројд,500 ден,,0,Популарна психологија,2025-05-17
РАЗВОЈ НА ИНТЕЛИГЕНЦИЈАТА КАЈ ДЕТЕТО,Алфред Бине,500 ден,,0,Популарна психологија,2025-05-17
"РАСПАМЕТЕН петнаесет размислувања за креативноста, умот и бизнисот",Дејв Бирс,300 ден,,0,Популарна психологија,2025-05-17
СÈ Е ЗА*БАНО книга за надежта,Марк Менсон,390 ден,,0,Популарна психологија,2025-05-17
САКАМ МАЖ Што треба да знае секоја жена за својот партнер,Барбара де Анџелис,399 ден,,0,Популарна психологија,2025-05-17
САПИЕНС,Јувал Харари,500 ден,,0,Популарна психологија,2025-05-17
СОЗДАЈТЕ СВОЕ НОВО ЈАС како да го изгубите сопствениот ум и да создадете нов,Џо Диспенца,580 ден,,0,Популарна психологија,2025-05-17
СТО И ЕДНА ЛЕКЦИЈА ШТО ЌЕ НИ ГО СМЕНАТ НАЧИНОТ НА РАЗМИСЛУВАЊЕ,Бријана Вист,600 ден,,0,Популарна психологија,2025-05-17
СТРАВОТ,Коста Петров,299 ден,,0,Популарна психологија,2025-05-17
СУДБИНАТА НА ДУШИТЕ,Мајкл Њутн,480 ден,,0,Популарна психологија,2025-05-17
ТАЈНА,Ронда Бирн,500 ден,,0,Популарна психологија,2025-05-17
ТИШИНА моќта на интровертните во свет кој не може да престане да зборува,Сузан Кејн,500 ден,,0,Популарна психологија,2025-05-17
ТРИЕСЕТДНЕВНА МЕНТАЛНА ДИЕТА,Вилис Кинир,500 ден,,0,Популарна психологија,2025-05-17
УМЕТНОСТА НА ЛИЧНАТА ПРИВЛЕЧНОСТ,Вилијам Вокер Аткинсон,400 ден,,0,Популарна психологија,2025-05-17
УМЕШНОСТ НА ЛУТИНАТА,Билјана Велковска,350 ден,,0,Популарна психологија,2025-05-17
УПАТСТВО ЗА УПОТРЕБА НА КРЕАТИВНИОТ УМ од каде доаѓаат идеите и како да имате повеќе идеи,Дејв Бирс,300 ден,,0,Популарна психологија,2025-05-17
УПОРНОСТ,X. Бесер,500 ден,,0,Популарна психологија,2025-05-17
УЧЕЊЕ ЗА КАРАКТЕРОТ,Алфред Адлер,500 ден,,0,Популарна психологија,2025-05-17
ФИЛОСОФИЈА НА МОЌТА III,Калистрат Санџакоски,420 ден,,0,Популарна психологија,2025-05-17
ФУДБАЛ Како се победува,Кен Бреј,549 ден,,0,Популарна психологија,2025-05-17
ХЕРОЈ,Ронда Бирн,420 ден,,0,Популарна психологија,2025-05-17
ХОМО ДЕУС кратка историја на иднината,Јувал Харари,500 ден,,0,Популарна психологија,2025-05-17
ХРАБРИ НАМЕСТО СОВРШЕНИ,Решна Садхани,390 ден,,0,Популарна психологија,2025-05-17
"ХРАБРОСТА ДА СЕ БИДЕ СВОЈ јапонски феномен кој ви покажува како да се ослободите, да го промените животот и да постигнете вистинска среќа",Ичиро Кишими,420 ден,,0,Популарна психологија,2025-05-17
"ЦЕЛИ како да постигнете сé што посакувате, побрзо отколку што сте замислувале",Брајан Трејси,400 ден,,0,Популарна психологија,2025-05-17
ЦРВЕНА ЛИНИЈА,Џулијан Тејлор Шор,360 ден,,0,Популарна психологија,2025-05-17
ЧУДОТО НА ИСПРАВНАТА МИСЛА,Орисон Свет Марден,500 ден,,0,Популарна психологија,2025-05-17
"ШТО ТИ СЕ СЛУЧИЛО разговори за траумите, за отпорноста и исцелувањето",Брус Д. Пери,450 ден,,0,Популарна психологија,2025-05-17
„111 прашања на православниот психотерапевт“ – Книга за оние што страдаат и за оние што сакаат да помогнат,N/A,499 ден,,0,Христијанство,2025-05-17
400 ГЛАВИ ЗА ЉУБОВТА,Св. Максим Исповедник,299 ден,,0,Христијанство,2025-05-17
OKULTNA AGRESIJA izbor tekstova,Архимандрит Рафаил Карелин,299 ден,,0,Христијанство,2025-05-17
PAD GORDIH,Архимандрит Рафаил Карелин,249 ден,,0,Христијанство,2025-05-17
АЗБУКА ПОБОЖНОГ ЖИВОТА,Свети Старац ПАЈСИЈЕ Светогорац,599 ден,,0,Христијанство,2025-05-17
АЗБУЧНИК ДОБРОТОЉУБЉА живе речи подвижничког живота,N/A,999 ден,,0,Христијанство,2025-05-17
АПОКАЛИПСА Како се спасавати у доба апокалипсе,Баћушка Олег Стењајев,999 ден,,0,Христијанство,2025-05-17
АРИСТОТЕЛ НА ИСТОКУ И ЗАПАДУ метафизика подељености хришћанства,Бредшоу Дејвид,899 ден,,0,Христијанство,2025-05-17
АСКЕТСКЕ ПРОПОВЕДИ,Свети Игњатије Брјанчанинов,999 ден,,0,Христијанство,2025-05-17
"БЕЗ БОГА НИ ПРЕКО ПРАГА Српски духовници XX века, житија и поуке",N/A,1.090 ден,,0,Христијанство,2025-05-17
"БЕЗ ЉУБАВИ НЕМА ЖИВОТА поуке за духовни живот, савети за лечење болести, речи светог Исака Сирина. Додатак Поуке оца Јоила – Свети отац Тадеј Витовнички",N/A,499 ден,,0,Христијанство,2025-05-17
БЕСЕДЕ СВЕТОГ ЈОВАНА КРОНШТАТСКОГ,Свети Јован Кронштатски,999 ден,,0,Христијанство,2025-05-17
БЕСЕДИ НА ПСАЛМИТЕ,Св. Василиј Велики,499 ден,,0,Христијанство,2025-05-17
БИСЕРИ ИЗ НЕДЕЉНИХ ЕВАНЂЕЉА У ПРАВОСЛАВНОЈ ЦРКВИ књига 1,Антоније Кониарис,799 ден,,0,Христијанство,2025-05-17
"БИЋУ ТИ ОТАЦ, И БУДИ МИ ЧЕДО",Свети Баћушка Алексеј Мечов,999 ден,,0,Христијанство,2025-05-17
БЛАГОДАТНИ ПУТ тумачење житија преподобног Нила Калабријског,N/A,999 ден,,0,Христијанство,2025-05-17
БОГ И РОКЕНРОЛ,Монах Арсениј,399 ден,,0,Христијанство,2025-05-17
БОГ ЈЕ ОДГОВОР Утехе Господње у време безизлаза,Митрополит Атанасије Лимасолски,999 ден,,0,Христијанство,2025-05-17
БОГ ЛОГОС егзегетска скица пролога Јеванђеља по Јовану,Николај Никанорович Глубоковски,399 ден,,0,Христијанство,2025-05-17
БОГ ЋЕ ПОМОЋИ АКО ИМА КОМЕ Животопис и поуке патријарха Павла,N/A,599 ден,,0,Христијанство,2025-05-17
"БОГ, ЧОВЕК и ЂАВО Путевима Свете Тајне Исповести, покајањем против смрти душе",N/A,499 ден,,0,Христијанство,2025-05-17
БРАК И СЕМЕЈСТВО Домашна црква,Протојереј Глеб Каледа,599 ден,,0,Христијанство,2025-05-17
БРОЈАНИЦЕ СТАРЦА ПАЈСИЈА Поуке св. ст. Пајсија Светогорца за сваки дан,N/A,599 ден,,0,Христијанство,2025-05-17
БУКВАР ЗА СРБСКУ ПРАВОСЛАВНУ ДЕЦУ И РОДИТЕЉЕ,Монахиња Атанасија Рашић,699 ден,,0,Христијанство,2025-05-17
ВЕЛИКИ ЈЕ БОГ,Старац Клеопа,1.099 ден,,0,Христијанство,2025-05-17
ВЕЛИКИ ПОСТ,Александар Шмеман,499 ден,,0,Христијанство,2025-05-17
ВЕЛИКИ СТАРЕЧНИК Поуке пустињских Отаца,N/A,999 ден,,0,Христијанство,2025-05-17
ВЕЛИКИОТ ПОСТ,Александар Шмеман,499 ден,,0,Христијанство,2025-05-17
ВЕРА И КУЛТУРА погледи из руске теолошко-философске перспективе,Булгаков,699 ден,,0,Христијанство,2025-05-17
ВО ПОЧЕТОКОТ БЕШЕ СЛОВОТО Основи на Православната вера,N/A,499 ден,,0,Христијанство,2025-05-17
ВОДОМ И ДУХОМ о тајинству крштења,Протојереј Александар Шмеман,499 ден,,0,Христијанство,2025-05-17
ВРАМЕНИ ЛОГОСИ,Отец Стефан Санџакоски,349 ден,,0,Христијанство,2025-05-17
ГЕОРГИЈЕ ФЛОРОВСКИ руски интелектуалац православни богослов,Ендрју Блејн,799 ден,,0,Христијанство,2025-05-17
ГОДИНА ГОСПОДЊА приче за децу и одрасле,N/A,999 ден,,0,Христијанство,2025-05-17
ГОСПОДЕ НАУЧИ МЕ МОЛИТИ СЕ Савремени човек у потрази за молитвом,N/A,499 ден,,0,Христијанство,2025-05-17
ГОСПОДЕ ПРОСВЕТИ ТАМУ МОЈУ,Свети Григорије Палама,999 ден,,0,Христијанство,2025-05-17
"ГОСПОДЕ, ИМЕ ТИ ЈЕ ЉУБАВ Животопис и чуда: одговори на питања о духовном животу, беседе о страшном суду Божијем",Свети Јован Кронштатски,599 ден,,0,Христијанство,2025-05-17
ДА ДВОЈЕ ЈЕДНО БУДУ Православни брак у савременом свету,N/A,999 ден,,0,Христијанство,2025-05-17
ДА ОПЕТ ПОСТАНЕМО ХРИШЋАНИ Савремени руски духовници и наука спасења,N/A,999 ден,,0,Христијанство,2025-05-17
ДАНАШЊИ ЧОВЕК ПРЕД БОГОМ Борба за православни духовни живот у глобализованом свету,Митрополит Антоније Блум,1.090 ден,,0,Христијанство,2025-05-17
ДАХ ЖИВОТА о молитви,Архимандрит Рафаил Карелин,599 ден,,0,Христијанство,2025-05-17
ДЕПРЕСИЈА – духовен пристап,N/A,499 ден,,0,Христијанство,2025-05-17
ДЕПРЕСИЈА духовни приступ,Архимандрит Спиридон Логотет,699 ден,,0,Христијанство,2025-05-17
ДИГИТАЛНИ ИЗАЗОВ путеви хришћанства у цивилизацији бинарног кода,Презвитер Оливер Суботић,399 ден,,0,Христијанство,2025-05-17
ДИЈЕТА ИЛИ ПОСТ Како постити у савременом свету,N/A,399 ден,,0,Христијанство,2025-05-17
ДИОНИСИЈЕ АРЕОПАГИТ,Ендрју Лаут,399 ден,,0,Христијанство,2025-05-17
ДОБРОТОЉУБЉЕ,Јован Србуљ,499 ден,,0,Христијанство,2025-05-17
ДОБРОТОЉУБЉЕ за сваки дан 365 савета подвижничничких Отаца Цркве,N/A,699 ден,,0,Христијанство,2025-05-17
ДОК СТЕ ВИ СПАВАЛИ глобалистички пројекат тајне синархије,Радован Рабреновић,499 ден,,0,Христијанство,2025-05-17
ДОСТОЈЕВСКИ И ДАНАШЊИЦА,Марија Скопцова,590 ден,,0,Христијанство,2025-05-17
ДРЖИ УМ СВОЈ У АДУ И НЕ ОЧАЈАВАЈ,Свети Силуан Атонски,1.099 ден,,0,Христијанство,2025-05-17
ДУХОВНЕ БЕСЕДЕ,Св. Макарије Велики,999 ден,,0,Христијанство,2025-05-17
ДУХОВНЕ БЕСЕДЕ књига 2,Архимандрит Софроније Сахаров,599 ден,,0,Христијанство,2025-05-17
ДУХОВНЕ ВЕЖБЕ,Свети Никодим Светогорац,1.249 ден,,0,Христијанство,2025-05-17
ДУХОВНИ ЖИВОТ У СВЕТУ БЕЗ ХРИСТА Поуке данашњих грчких духовника,N/A,599 ден,,0,Христијанство,2025-05-17
ДУХОВНИ СВЕТ ПРЕПОДОБНОГ ИСАКА СИРИНА,Алфејев Иларион,999 ден,,0,Христијанство,2025-05-17
ДУХОТ БОЖЈИ И ДУХОТ НА ОВОЈ СВЕТ,Старец Пајсиј,799 ден,,0,Христијанство,2025-05-17
ДУША ПОСЛЕ СМРТИ,Серафим Роуз,599 ден,,0,Христијанство,2025-05-17
ДУША СЕ ЛЕЧИ У ХРИСТУ Хришћанска психологија за нас,Авдејев Ларше,499 ден,,0,Христијанство,2025-05-17
ДУШАТА ПО СМРТТА,Серафим Роуз,599 ден,,0,Христијанство,2025-05-17
ДУШЕ ХРИСТОВЕ,Старац Јаков Цаликис,999 ден,,0,Христијанство,2025-05-17
ДУШЕВНА БОЛЕСТ избор текстова,Архимандрит Рафаил Карелин,299 ден,,0,Христијанство,2025-05-17
ЕВЕРГЕТИНОС Зборник богогласних изрека и поука Св. Отаца,N/A,999 ден,,0,Христијанство,2025-05-17
ЕВХАРИСТИЈА Светата тајна на Царството,Александар Шмеман,599 ден,,0,Христијанство,2025-05-17
"ЕВХАРИСТИЈСКА ОНТОЛОГИЈА евхаристијски темељи бића, као настајање у заједници, у есхатолошкој онтологији светог Максима Исповедника",Лудовикос Никола,899 ден,,0,Христијанство,2025-05-17
ЕКЛИСИОЛОШКЕ ТЕМЕ,Јован Зизјулас,499 ден,,0,Христијанство,2025-05-17
ЕКУМЕНИЗАМ књига 1 Догматске теме,Георгије Флоровски,599 ден,,0,Христијанство,2025-05-17
ЕНЦИКЛОПЕДИЈА ПРАВОСЛАВНОГ ДУХОВНОГ ЖИВОТА,Свети Игњатије Брјанчанинов,999 ден,,0,Христијанство,2025-05-17
"ЕРОТИКА, ПОЛИТИКА ИТД три опита о души",Коцијанчић Горазд,999 ден,,0,Христијанство,2025-05-17
ЕУТАНАЗИЈА ИЗ ПРАВОСЛАВНЕ ПЕРСПЕКТИВЕ,N/A,999 ден,,0,Христијанство,2025-05-17
ЖИВЕТИ ДАНАС ПО ЈЕВАНЂЕЉУ,Протојереј Александар Шмеман,699 ден,,0,Христијанство,2025-05-17
ЖИВЕТИ ЗА ВЕЧНОСТ Шта је духовни живот,Свети Теофан Затворник,999 ден,,0,Христијанство,2025-05-17
"ЖИВО ЈЕ ПРАВОСЛАВЉЕ Житије, подвизи и дневник",Свети Николај Јапански,999 ден,,0,Христијанство,2025-05-17
ЖИТИЕ НА СВЕТИ КЛИМЕНТ,Партениј Зографски,299 ден,,0,Христијанство,2025-05-17
ЖИТИЈА НА СВЕТИТЕЛИТЕ јануари – јуни,N/A,800 ден,,0,Христијанство,2025-05-17
ЖИТИЈА НА СВЕТИТЕЛИТЕ јули – декември,N/A,800 ден,,0,Христијанство,2025-05-17
ЗА БРАКОТ И СЕМЕЈСТВОТО,Старец Пајсиј,299 ден,,0,Христијанство,2025-05-17
ЗА ЖИВОТ БЕЗ ЖИГА – слобода и достојанство у свету Великог Брата,N/A,799 ден,,0,Христијанство,2025-05-17
ЗА ЖИВОТ СВЕТА Светотајинска философија живота,Протојереј Александар Шмеман,399 ден,,0,Христијанство,2025-05-17
ЗА ЖИВОТОТ НА МОЈСЕЈ ЗАКОНОДАВЕЦОТ,Св Григориј Ниски,399 ден,,0,Христијанство,2025-05-17
ЗА МОЛИТВАТА,Старец Софрониј,449 ден,,0,Христијанство,2025-05-17
ЗА СВЕТ КОЈИ НЕСТАЈЕ ТРИ СУЗЕ ПОКАЈАЊА И НАДЕ Савремени грчки духовници,N/A,999 ден,,0,Христијанство,2025-05-17
ЗА СОЗДАВАЊЕТО НА ЧОВЕКОТ,Св. Григориј Нисиски,399 ден,,0,Христијанство,2025-05-17
ЗАГЛЕДАН У ЖИВОТ књига промишљања свакодневице,Иван Александрович Иљин,399 ден,,0,Христијанство,2025-05-17
ЗАПАДНИОТ ПАТ ВО АПОКАЛИПСА Од митот за Гралот до Новиот светски поредок,Јуриј Ворбјовскиј,699 ден,,0,Христијанство,2025-05-17
ЗВОНО И САТ,Архимандрит Рафаил Карелина,299 ден,,0,Христијанство,2025-05-17
ЗЛАТНИ ВЕК СВЕТООТАЧКЕ ЛИТЕРАТУРЕ,Архимандрит Кипријан Керн,599 ден,,0,Христијанство,2025-05-17
ЗНАЧЕЊЕТО НА РОДИТЕЛСКАТА ЉУБОВ,Игумен Евмениј Перистиј,549 ден,,0,Христијанство,2025-05-17
И БОЛ И БОГ књига прича лепих као живот,N/A,599 ден,,0,Христијанство,2025-05-17
ИЗ ДАНА У ДАН СА ПАТРИЈАРХОМ ПАВЛОМ 365 питања и одговора за сваки дан у години,N/A,599 ден,,0,Христијанство,2025-05-17
ИЗВОРИ ХРИШЋАНСКОГ МИСТИЧКОГ ПРЕДАЊАод Платона до псеудо Дионисија Ареопагита,Лаут Ендрју,899 ден,,0,Христијанство,2025-05-17
ИЗЛОЖЕЊЕ МОНАШКОГ ОПИТА,Старац Јосиф Исихаста,1.399 ден,,0,Христијанство,2025-05-17
ИЗМЕЂУ ЖИВОТА И СМРТИ тајни живот душе после телене смрти,N/A,999 ден,,0,Христијанство,2025-05-17
ИЗМЕЂУ ЉУБАВИ И СЕБИЧНОСТИ Како васпитати дете у савременом свету,N/A,999 ден,,0,Христијанство,2025-05-17
ИЗМЕЂУ НЕБА И ЗЕМЉЕ,Старац Теоклит Дионисијатски,499 ден,,0,Христијанство,2025-05-17
ИЗНАД СТАРОСТИ БОЛЕСТИ И СМРТИ Практични савети духовника Практични савети духовника и психолога за проблеме старости болести и смрти,N/A,599 ден,,0,Христијанство,2025-05-17
ИКОНА У ЛИТУРГИЈИ смисао и улога,Архимандрит Тихон Ракићевић,1.699 ден,,0,Христијанство,2025-05-17
ИНФОРМАЦИОНО КОНТРОЛИСАНО ДРУШТВО,Презвитер Оливер Суботић,399 ден,,0,Христијанство,2025-05-17
ИСПИТ БЕЗ ПОПРАВНОГ – ШТА ДА РАДИТЕ АКО СТЕ СТВАРНО УМРЛИ Књига о посмртном стању душе и путовање у вечност,N/A,599 ден,,0,Христијанство,2025-05-17
ИСТОРИЈА И ЕСХАТОЛОГИЈА,Бошко И. Бојовић,399 ден,,0,Христијанство,2025-05-17
ИСТОРИЈА НА ОХРИДСКАТА АРХИЕПИСКОПИЈА Том 1,Иван Снегаров,1.000 ден,,0,Христијанство,2025-05-17
ИСТОРИЈА НА ОХРИДСКАТА АРХИЕПИСКОПИЈА Том 2,Иван Снегаров,1.000 ден,,0,Христијанство,2025-05-17
ИСУС ХРИСТОС беседе изговорене на радију,Јеромонах Григорије Светогорац,499 ден,,0,Христијанство,2025-05-17
"ИСУСЕ, ТЕЛА МОГА ЗДРАВЉЕ Болести и исцељења у православном предању",N/A,999 ден,,0,Христијанство,2025-05-17
ЈЕРОСХИМОНАХ ЈОАНИКИЈЕ МОРОЈ,Архимандрит Јоаникије Балан,299 ден,,0,Христијанство,2025-05-17
"ЈУРОДИВЕ ХРИСТОВЕ У СВЕТУ БЕЗ БОГА Блажена Матрона Московска, блажена монахиња Алипија",N/A,1.090 ден,,0,Христијанство,2025-05-17
ЈУРОДИВИ (И) ДОСТОЈЕВСКИ,Мирјана Прокић,399 ден,,0,Христијанство,2025-05-17
К СВЕТЛОСТИ ЈЕВАНЂЕЉА ХРИСТОВОГ тумачење Јевађеља по Марку,Григорије Лебедев,699 ден,,0,Христијанство,2025-05-17
КАКО ПОРОДИЦИ ВРАТИТИ ИЗГУБЉЕНУ РАДОСТ,Архимандрит Рафаил Карелин,799 ден,,0,Христијанство,2025-05-17
КЊИГА О ПРЕЛЕСТИ И ЛАЖНОМ ДУХОВНИШТВУ Како се сачувати од духовне обмане,N/A,999 ден,,0,Христијанство,2025-05-17
КО СЛАВИ СЛАВУ ЊЕМУ И ПОМАЖЕ Слава верски обичаји и понашање у Цркви,N/A,599 ден,,0,Христијанство,2025-05-17
КРАТКА СВЕШТЕНА ИСТОРИЈА на старо и новозаветната Црква,Партениј Зографски,299 ден,,0,Христијанство,2025-05-17
КРОЗ ЖИВОТ СА ВЛАДИКОМ НИКОЛАЈЕМ 365 поука и савета за сваки дан у години,N/A,649 ден,,0,Христијанство,2025-05-17
ЛЕЧЕЊЕ ДУШЕ У ПРАВОСЛАВНОЈ ЦРКВИ ДУХОВНЕ И ДУШЕВНЕ БОЛЕСТИ,N/A,999 ден,,0,Христијанство,2025-05-17
ЛИТУРГИЈА СМРТИ И САВРЕМЕНА КУЛТУРА,Протојереј Александар Шмеман,799 ден,,0,Христијанство,2025-05-17
ЛОГИКА И ТЕОЛОГИЈА Дијалектика Јована Дамаскина у византијској и српској филозофији,Слободан Жуњић,999 ден,,0,Христијанство,2025-05-17
ЉУБАВ ЈЕ ЈАЧА ОД СМРТИ,Св. Цар Николај ИИ,1.249 ден,,0,Христијанство,2025-05-17
МИР И РАДОСТ У ДУХУ СВЕТОМ,Старац Тадеј Витовнички,899 ден,,0,Христијанство,2025-05-17
МИСИОНАРСКЕ ЦРТИЦЕ,Презвитер Оливер Суботић,399 ден,,0,Христијанство,2025-05-17
МИСЛИ ЗА БУГАРСКИОТ ЈАЗИК,Партениј Зографски,199 ден,,0,Христијанство,2025-05-17
МИТАРСТВА житие на преподобни Василиј Нови,Блажена Теодора Цариградска,149 ден,,0,Христијанство,2025-05-17
МОЈ СТАРАЦ ЈОСИФ ИСИХАСТА,Старац Јефрем Филотејски и Аризонски,999 ден,,0,Христијанство,2025-05-17
МОЛИТВА живот с Богом,Митрополит Антоније Блум,699 ден,,0,Христијанство,2025-05-17
МОЛИТВА живот с Богом,Митрополит Антоније Блум,999 ден,,0,Христијанство,2025-05-17
МОЛИТВА ИСУСОВА И ТАЈНО ПОУЧЕЊЕ,N/A,399 ден,,0,Христијанство,2025-05-17
МОЛИТВАТА И ОБОЖУВАЊЕТО,Антонио Блум,399 ден,,0,Христијанство,2025-05-17
МОЛИТВЕНИК,N/A,699 ден,,0,Христијанство,2025-05-17
НА ДВЕРИТЕ НА ВЕЧНОСТА,Лаврентиј Черниговски,500 ден,,0,Христијанство,2025-05-17
НА КРАЈУ СВЕТА,Николај Семјонович Љесков,399 ден,,0,Христијанство,2025-05-17
НА ПУТУ КА ЛИТУРГИЈСКОМ ПРЕПОРОДУ 1.том,Протојереј Николај Балашов,399 ден,,0,Христијанство,2025-05-17
НА ПУТУ КА ЛИТУРГИЈСКОМ ПРЕПОРОДУ 2.том,Протојереј Николај Балашов,399 ден,,0,Христијанство,2025-05-17
НА ПУТУ КА ЛИТУРГИЈСКОМ ПРЕПОРОДУ ТОМ 1 Том 1,Балашов Николај,799 ден,,0,Христијанство,2025-05-17
НА ПУТУ КА ЛИТУРГИЈСКОМ ПРЕПОРОДУ Том 2,Балашов Николај,799 ден,,0,Христијанство,2025-05-17
НАЦИОНАЛНА ИДЕЈА,Протојереј Андреј Ткачов,699 ден,,0,Христијанство,2025-05-17
НАШ ЖИВОТ ЈЕ НА НЕБЕСИМА,Свети старац Варсануфије Оптински,1.090 ден,,0,Христијанство,2025-05-17
НЕ БОЈ СЕ САМО ВЕРУЈ,Протојереј Андреј Ткачов,499 ден,,0,Христијанство,2025-05-17
НЕБО НА ЗЕМЉИ Учење Св. Јована Кронштатског о Божанској Литургији,Федченков Иван,599 ден,,0,Христијанство,2025-05-17
НЕГОВАЊЕ САОСЕЋАЊА: КОМПАС ЗА ДУШУ,Александар Колмановски,599 ден,,0,Христијанство,2025-05-17
НЕДОСТОЈАН ЈЕ ОНАЈ КО СЕБЕ СМАТРА ДОСТОЈНИМ,Нектарије Морозов,299 ден,,0,Христијанство,2025-05-17
НЕИСЦРПНА ЧАША,Иван Сергејевич Шмељов,399 ден,,0,Христијанство,2025-05-17
НЕСВЕТИ А СВЕТИ И ДРУГЕ ПРИЧЕ,Архимандрит Тихон Шевкунов,799 ден,,0,Христијанство,2025-05-17
НИЈЕ НА ПРОДАЈУ,Протојереј Андреј Ткачов,399 ден,,0,Христијанство,2025-05-17
НИХИЛИЗАМ коријен револуције модерног доба,Серафим Роуз,599 ден,,0,Христијанство,2025-05-17
О БОЛЕСТИ И ЛЕЧЕЊУ ДУШЕ У ПРАВОСЛАВНОМ ПРЕДАЊУ,Митропополит Јеротеј Влахос,599 ден,,0,Христијанство,2025-05-17
О ТАЈНИМ БОЛЕСТИМА ДУШЕ,Абашидзе Лазар,599 ден,,0,Христијанство,2025-05-17
ОБИТАВАЊЕ БЕЗГРАНИЧНОГ У СРЦУ бисери из Добротољубља,Ала Селаври,499 ден,,0,Христијанство,2025-05-17
ОД ГРЕХА КА БОГУ практични приручник о ИСПОВЕСТИ,N/A,1.090 ден,,0,Христијанство,2025-05-17
ОД ОСМЕХА ДО ПРЕМУДРОСТИ Антологија православног хумора,N/A,599 ден,,0,Христијанство,2025-05-17
"ОЖИВИ МЕ, ГОСПОДЕ, ПО МИЛОСТИ ТВОЈОЈ Православни живот под притиском",N/A,1.090 ден,,0,Христијанство,2025-05-17
ОМИЛИЈЕ С ЈЕДНЕ ПРАВОСЛАВНЕ ПРОПОВЈЕДНИЦЕ,Антоније Кониарис,799 ден,,0,Христијанство,2025-05-17
ОН И ОНА У ПОТРАЗИ ЗА БРАЧНОМ ХАРМOНИЈОМ,Павле Гумеров,599 ден,,0,Христијанство,2025-05-17
ОПТИНСКИ СТАРЦИ Како живети по вољи Божијој,N/A,1.199 ден,,0,Христијанство,2025-05-17
ОСНОВЕ РУСКЕ КУЛТУРЕ,Протојереј Александар Шмеман,799 ден,,0,Христијанство,2025-05-17
ОСНОВИ СОЦИЈАЛНЕ КОНЦЕПЦИЈЕ РУСКЕ ПРАВОСЛАВНЕ ЦРКВЕ,N/A,499 ден,,0,Христијанство,2025-05-17
ОСТАЛО НАМ ЈЕ САМО ПОКАЈАЊЕ Писма хришћанима последњих времена,Игуман Никон Воробјов,1.090 ден,,0,Христијанство,2025-05-17
"ОСТРВО НЕБЕСКО И ЗЕМЉА ЖИВИХ Кад је Енглеска била православна, житија и подвизи англосаксонских светих",N/A,1.090 ден,,0,Христијанство,2025-05-17
ОТАЧНИК Школа духовног узрастања по светим старцима,Светитељ Игњатије Брјанчинанинов,1.090 ден,,0,Христијанство,2025-05-17
"ОЧЕ, ПОМОЗИ МИ Савети духовника за сваки дан у години, 365 одговора на 365 питања",Архимандрит Рафаил Карелин,599 ден,,0,Христијанство,2025-05-17
ОЧИНСКЕ ПОУКЕ,Старац Јефрем Филотејски и Аризонски,999 ден,,0,Христијанство,2025-05-17
ПИСМА ВАЛААМСКОГ СТАРЦА СХИИГУМАНА ЈОВАНА,N/A,699 ден,,0,Христијанство,2025-05-17
ПИСМА О ХРИШЋАНСКОМ ЖИВОТУ,Свети Теофан Затворник,399 ден,,0,Христијанство,2025-05-17
ПИТАЊА И ОДГОВОРИ О ЖИВОТУ ХРИШЋАНИНА У САВРЕМЕНОМ СВЕТУ,Архимандрит Рафаил Карелин,799 ден,,0,Христијанство,2025-05-17
ПОДВИЖНИК НА ЉУБОВТА,Старец Пајсиј,699 ден,,0,Христијанство,2025-05-17
ПОДИГНИ МЕ ГОСПОДЕ СА ПОСТЕЉЕ БОЛА Са Христом кроз таму тумора,N/A,999 ден,,0,Христијанство,2025-05-17
ПОЗИВ БОЖЈИ ДУХОВНИ ПУТ ПРИЧАСНОСТ СЛАВИ БОЖЈОЈ духовна онтологија хришћанске светости,Панајотис Ифандис,899 ден,,0,Христијанство,2025-05-17
ПОЗИВ НА СПАСЕЊЕ Како су обични људи пронашли Бога.Чудесне приче из свакодневице,N/A,599 ден,,0,Христијанство,2025-05-17
ПОСТ И ПАРАКЛИС,Пимен,399 ден,,0,Христијанство,2025-05-17
ПОСТОЈИ ЛИ БОГ дијалози са неверујућима,Митрополит Антоније Блум,799 ден,,0,Христијанство,2025-05-17
"ПОУЧНИК ЗА ХРИШЋАНЕ ПОСЛЕДЊИХ ВРЕМЕНА Избор из беседа и поука архимандрита Андреја Конаноса, протојереја Андреја Ткачова и других савремених духовника",N/A,599 ден,,0,Христијанство,2025-05-17
ПОЧЕТНО УЧЕЊЕ ЗА ДЕЦАТА,Партениј Зографски,199 ден,,0,Христијанство,2025-05-17
ПРАВОСЛАВЉЕ И ПОЛИТИЧКА ТЕОЛОГИЈА,Калаитзидис Пантелис,990 ден,,0,Христијанство,2025-05-17
ПРАВОСЛАВЉЕ И РЕЛИГИЈА БУДУЋНОСТИ,Серафим Роуз,799 ден,,0,Христијанство,2025-05-17
ПРАВОСЛАВЉЕ И РУСКА КЊИЖЕВНОСТ,N/A,499 ден,,0,Христијанство,2025-05-17
ПРАВОСЛАВНА АСКЕЗА КЉУЧ ЗА НОВУ ВИЗИЈУ ЧОВЕКА,Хоружи Сергеј,899 ден,,0,Христијанство,2025-05-17
ПРАВОСЛАВНА ЕСТЕТИКА ТЕЛА И ТАЈНА ПОЛНОСТИ,Милорад М. Лазић,399 ден,,0,Христијанство,2025-05-17
ПРАВОСЛАВНА ПСИХОЛОГИЈА Светите отци за депресијата,Авдеев Д.А.,499 ден,,0,Христијанство,2025-05-17
ПРАВОСЛАВНАТА ЦРКВА И СОВРЕМЕНИОТ СВЕТ,Георгиј Капсанис,499 ден,,0,Христијанство,2025-05-17
ПРАВОСЛАВНИ БРАЧНИ ЖИВОТ кроз питања и одговоре,Максим Козлов,999 ден,,0,Христијанство,2025-05-17
ПРАВОСЛАВНИ ПОЈМОВНИК ЗА ПОЧЕТНИКЕ Речник хришћанских термина од богослужења до духовност,N/A,599 ден,,0,Христијанство,2025-05-17
ПРАВОСЛАВНИ ПУТ,Епископ Калистос Вер,499 ден,,0,Христијанство,2025-05-17
ПРАВОСЛАВНО ТУМАЧЕЊЕ НОВОГ ЗАВЕТА,Архиепископ Аверкије Таушев,1.199 ден,,0,Христијанство,2025-05-17
ПРАЗНИЧНЕ МИСТАГОШКЕ БЕСЕДЕ,Вафидис Емилијан,999 ден,,0,Христијанство,2025-05-17
ПРЕПИСКА СА ПРОТОЈЕРЕЈЕМ ГЕОРГИЈЕМ ФЛОРОВСКИМ,Архимандрит Софроније Сахаров,699 ден,,0,Христијанство,2025-05-17
ПРЕПОДОБНИ МАКСИМ ИСПОВЕДНИК И ВИЗАНТИЈСКО БОГОСЛОВЉЕ,Епифанович Сергеј,599 ден,,0,Христијанство,2025-05-17
ПРЕСВЕТА БОГОРОДИЦА беседе изговорене на радију,Јеромонах Григорије Светогорац,399 ден,,0,Христијанство,2025-05-17
ПСИХОЛОГИЈА И ДУХОВНИ ЖИВОТ,Јован Корнаракис,799 ден,,0,Христијанство,2025-05-17
ПТИЦЕ НЕБЕСКЕ Живот и подвизи Светогораца данас,Симеон Светогорац,999 ден,,0,Христијанство,2025-05-17
ПУТ КА СПАСЕЊУ,Свети Теофан Затворник,999 ден,,0,Христијанство,2025-05-17
ПУТ СПАСЕЊА У XXI ВЕКУ Духовни путокази савременом човеку,Архимандрит Карелин,999 ден,,0,Христијанство,2025-05-17
Рајска ЛЕСТВИЦА,Св. Јован Лествичник,599 ден,,0,Христијанство,2025-05-17
РАНОХРИШЋАНСКО БОГОСЛУЖЕЊЕ,Оскар Кулман,399 ден,,0,Христијанство,2025-05-17
РАСКРШЋА КРИВИЦЕ,Протојереј Ставрофор Милош М. Весин,899 ден,,0,Христијанство,2025-05-17
РЕИНКАРНАЦИЈА ИЛИ ВАСКРСЕЊЕ ПРАВОСЛАВНО ПОИМАЊЕ ЗЛА,Алевизопулос Антоније,399 ден,,0,Христијанство,2025-05-17
РЕЛИГИОЗНИ ИДЕАЛ СВЕТОГ АТАНАСИЈА,Иван Васиљевич Попов,399 ден,,0,Христијанство,2025-05-17
РЕЧНИК ВЕЧНОГ ЖИВОТА Владика Николај нас води путем спасења. Поуке азбучним редоследом,N/A,999 ден,,0,Христијанство,2025-05-17
РЕЧНИК СПАСЕЊА,Преподобни старац Макарије Оптински,999 ден,,0,Христијанство,2025-05-17
СА ВЕРОМ У ХРИСТА У ДОБА ПАНДЕМИЈЕ Православље и коронократија,N/A,599 ден,,0,Христијанство,2025-05-17
СА ТИБЕТА НА СВЕТУ ГОРУ СТАРЦУ ПАЈСИЈУ,Јанис Коцабасис,999 ден,,0,Христијанство,2025-05-17
СА ХРИСТОМ КА ВИСОТАМА ОБОЖЕЊА о подвижничком животу у цркви,Архимандрит Рафаил Карелин,699 ден,,0,Христијанство,2025-05-17
САВРЕМЕНА ПРАВОСЛАВНА ТЕОЛОГИЈА зборник,N/A,999 ден,,0,Христијанство,2025-05-17
САВРЕМЕНИ СВЕТОГОРСКИ ПОДВИЖНИЦИ,N/A,1.090 ден,,0,Христијанство,2025-05-17
САВРЕМЕНОСТ У СВЕТЛОСТИ РЕЧИ БОЖИЈЕ,Архиепископ Аверкије Џорданвилски,699 ден,,0,Христијанство,2025-05-17
САПУТНИЦИ НА ПУТУ ЗА ДАМАСК о неприметним делатницима апостолског времена,Архиепископ Јован Шаховској,399 ден,,0,Христијанство,2025-05-17
СВЕ ИЗ МОГ ЏЕПА,Гилберт Кит Честертон,399 ден,,0,Христијанство,2025-05-17
СВЕДОЧЕЊА,Свети Порфирије Кавсокаливит,999 ден,,0,Христијанство,2025-05-17
СВЕТА ГОРА ДУХОВНО СРЦЕ СВЕТА,Старци са Атоса о садашњости и будућности,599 ден,,0,Христијанство,2025-05-17
СВЕТА ЛИТУРГИЈА ОТКРИВЕЊЕ НОВЕ ТВАРИ – елементи литургијског доживљавања тајне јединства у Православној цркви,Гондикакис Василије,899 ден,,0,Христијанство,2025-05-17
СВЕТАТА ТАЈНА НА ЉУБОВТА,Павле Евдокимов,499 ден,,0,Христијанство,2025-05-17
СВЕТИ ЈОВАН ДАМАСКИН традиција и оргиналност у византијској теологији,Ендрју Лаут,899 ден,,0,Христијанство,2025-05-17
СВЕТИ ЈОВАН ЗЛАТОУСТИ Поуке за сваки дан у години,N/A,599 ден,,0,Христијанство,2025-05-17
"СВЕТИ СЕРАФИМ САРОВСКИ, ПРОРОК ЉУБАВИ БОЖЈЕ Радости моја, Христос Воскресе",N/A,1.199 ден,,0,Христијанство,2025-05-17
СВЕТЛОСТ СА ЗАПАДА Живот и учења оца Серафима Роуза,N/A,1.090 ден,,0,Христијанство,2025-05-17
СВЕТОГОРСКЕ ПОУКЕ И ОПИТИ,Старац Јосиф Ватопедски,999 ден,,0,Христијанство,2025-05-17
СЀ Е НЕКАДЕ НА ДРУГО МЕСТО Дневник,Александар Шмеман,799 ден,,0,Христијанство,2025-05-17
СИ БЕШЕ ЕДНАШ православен Старечник за деца,Екатерина Федосеева,499 ден,,0,Христијанство,2025-05-17
СИМБОЛИКА РАНОГ СРЕДЊЕГ ВЕКА,Сергеј Сергејевич Аверинцев,399 ден,,0,Христијанство,2025-05-17
СЛАВА МУ НА БОГА ЗА СÈ,Св. Јован Златоуст,500 ден,,0,Христијанство,2025-05-17
СНАГА БОГОСЛУЖЕЊА допринос оца Александра Шмемана литургичком богословљу,Басиудис Георгије,899 ден,,0,Христијанство,2025-05-17
СПАСЕЊЕ ГРЕШНИКА Светогорска наука о стицању душе,Агапије Светогорац,999 ден,,0,Христијанство,2025-05-17
"СПАСИ ГОСПОДЕ, ЉУБАВЉУ СВОЈОМ",Старац Кирил Павлов,999 ден,,0,Христијанство,2025-05-17
СПУТАНА И ОСЛОБОЂЕНА МИСАО,Владимир Вујић,699 ден,,0,Христијанство,2025-05-17
СРБСКИ ДУХОВНИ ЛУГ Духовне поуке српских стараца XX века,N/A,999 ден,,0,Христијанство,2025-05-17
СРЦЕ – Православен духовен водич,N/A,399 ден,,0,Христијанство,2025-05-17
СРЦЕ ЗА ЦЕЛИОТ СВЕТ,Старец Пајсиј,799 ден,,0,Христијанство,2025-05-17
СРЦЕ МИ ЧИСТО САЗДАЈ БОЖЕ приручник за самосагледавање,Игуманија Матрона Брдар,799 ден,,0,Христијанство,2025-05-17
"СРЦЕМ И СУЗАМА Савремени румунски старци XX века, старци Олару, Папачок, Бока",N/A,999 ден,,0,Христијанство,2025-05-17
СТАРАЊЕ О НАЈДРАГОЦЕНИЈЕМ БЛАГУ зборник текстова о хришћанском васпитању деце,N/A,299 ден,,0,Христијанство,2025-05-17
СТАРАЦ АРСЕНИЈЕ СВЕТАЦ У ЛОГОРУ,N/A,999 ден,,0,Христијанство,2025-05-17
СТАРАЦ КЛЕОПА ДЕЦИ,N/A,399 ден,,0,Христијанство,2025-05-17
СТАРАЦ ПАЈСИЈЕ ВАШ ДУХОВНИК Најлепше поуке великог Светогорца,N/A,649 ден,,0,Христијанство,2025-05-17
"СТАРАЦ ПАЈСИЈЕ, ЧОВЕК ЉУБАВИ БОЖИЈЕ Целовит живот и сећања на Старца Пајсија, сусрет, помоћ и поуке",N/A,999 ден,,0,Христијанство,2025-05-17
СТАРЕЧНИК,N/A,699 ден,,0,Христијанство,2025-05-17
СУМРАК АТЕИЗМА успон и пад неверја у модерном свету,Mакграт Алистер,999 ден,,0,Христијанство,2025-05-17
СУНЦЕ КРОЗ СУЗЕ Истините православне приче из свакодневнице. Љубав и доброта као пут ка спасењу,N/A,599 ден,,0,Христијанство,2025-05-17
СУСРЕТ СА БОГОМ,Старац Јефрем Аризонски,999 ден,,0,Христијанство,2025-05-17
ТАЈНА ИСПОВЕСТИ,Абашидзе Лазар,799 ден,,0,Христијанство,2025-05-17
ТАЈНА СМРТИ Шта нас чека у вечности,Никола Василијадис,999 ден,,0,Христијанство,2025-05-17
ТАЈНИТЕ НА ПРАЗНИЦИТЕ,Александар Шмеман,499 ден,,0,Христијанство,2025-05-17
ТАМО ГДЕ ПОЧИЊЕ ВЕЧНОСТ Дневници сусрета у Светогорском рају,Нектарије Антонопулос,599 ден,,0,Христијанство,2025-05-17
ТИВОК СВЕДОК НА ТИВКИОТ СПАСИТЕЛ,Старец Тадеј Витовички,699 ден,,0,Христијанство,2025-05-17
ТОЈ И ТАА во потрага по брачна хармонија – Како да се разбереме и сакаме вистински,N/A,499 ден,,0,Христијанство,2025-05-17
ТОЧНО ИЗЛОЖУВАЊЕ НА ПРАВОСЛАВНАТА ВЕРА,Св. Јован Дамаскин,799 ден,,0,Христијанство,2025-05-17
ТРАГАЊЕ ЗА ИСТИНОМ разговори о духовном животу,Архимандрит Рафаил Карелин,799 ден,,0,Христијанство,2025-05-17
ТРИ БЕСЕДЕ О ЕПИСКОПИМА,Свети Григорије Богослов,499 ден,,0,Христијанство,2025-05-17
ТУМАЧЕЊЕ ВЕЛИКОПОСНЕ МОЛИТВЕ ПРЕПОДОБНОГ ЈЕФРЕМА СИРИНА,Лука Кримски,399 ден,,0,Христијанство,2025-05-17
ТУМАЧЕЊЕ ЛИТУРГИЈЕ Благословено Царство Оца и Сина и Светога Духа,N/A,999 ден,,0,Христијанство,2025-05-17
ТУМАЧЕЊЕ ПОДВИЖНИЧКИХ ПОУКА АВЕ ИСАИЈЕ,Вафидис Емилијан,999 ден,,0,Христијанство,2025-05-17
ТУМАЧЕЊЕ СВЕТЕ ЛИТУРГИЈЕ,Свети Никола Кавасила,799 ден,,0,Христијанство,2025-05-17
"У БОРБИ БОГА И ЂАВОЛА Светост, љубав, слобода у доба антихриста: румунски новоисповедници",Отац Василије Василахи,1.090 ден,,0,Христијанство,2025-05-17
УВОД У ХРИШЋАНСКУ ФИЛОСОФИЈУ,Етјен Жилсон,890 ден,,0,Христијанство,2025-05-17
УЂИТЕ У ЦАРСТВО НЕБЕСКО КРОЗ СВЕТУ ЛИТУРГИЈУ,Антоније Блум,999 ден,,0,Христијанство,2025-05-17
"УМЕЋЕ УМИРАЊА ИЛИ УМЕТНОСТ ЖИВЉЕЊА о сећању на смрт, заповестима Божијим, послушности и другим душекорисним стварима",Архимандрит Рафаил Карелин,599 ден,,0,Христијанство,2025-05-17
УМОЗРЕЊЕ У БОЈАМА И ДРУГИ ОГЛЕДИ,Трубецкоj Евгениj,990 ден,,0,Христијанство,2025-05-17
УПРАВЉАЊЕ НЕГАТИВНИМ ЕМОЦИЈАМА,Дмитриј Семеник,599 ден,,0,Христијанство,2025-05-17
УСПОН КА ВАСКРСЕЊУ Како достићи Царство небеско,Старац Клеопа,1.159 ден,,0,Христијанство,2025-05-17
УТЕШИТЕЉИ старци као утеха свету,свети старац Теодосије Кавкаски,999 ден,,0,Христијанство,2025-05-17
ХРИСТИЈАНСТВОТО ВО МАКЕДОНИЈА Историјата како иконостас,Стефан Санџеакоски,399 ден,,0,Христијанство,2025-05-17
ХРИСТОВ ЛЕКАР И ИСЦЕЛИТЕЉ ПОСЛЕДЊИХ ВРЕМЕНА,Свети Лука Војно-Јасенецки,999 ден,,0,Христијанство,2025-05-17
ХРИСТОВА ЛЕПОТА СПАСИЋЕ СВЕТ Речник Светог старца Порфирија,N/A,599 ден,,0,Христијанство,2025-05-17
"ХРИСТОС ЈЕ ТВОЈА СЛОБОДА Православно лечење болести зависности. Од наркоманије и пушења до зависности од хазардних игара, рачунара, интернета и мас",N/A,1.199 ден,,0,Христијанство,2025-05-17
ХРИСТОС У РУСКИМ ТАМНИЦАМА,Архимандрит Спиридон Кисљаков,399 ден,,0,Христијанство,2025-05-17
"ХРИСТОС, ПУТ НАШЕГ ЖИВОТА Богословље Старца Софронија",Архимандрит Захарија Захару,499 ден,,0,Христијанство,2025-05-17
ХРИШЋАНСТВО И МОДЕРНИЗАМ,Архимандрит Рафаил Карелин,999 ден,,0,Христијанство,2025-05-17
ЦАР ЈЕ ПОБЕДИО Голгота и васкрс св. мученика Романових,N/A,599 ден,,0,Христијанство,2025-05-17
"ЦРКВА И ГЛОБАЛИЗАЦИЈА структура, однос и последице",Ђакон Оливер Суботић,299 ден,,0,Христијанство,2025-05-17
ЧОВЕК И ИНФОРМАЦИОНЕ ТЕХНОЛОГИЈЕ поглед из православне перспективе,Презвитер Оливер Суботић,399 ден,,0,Христијанство,2025-05-17
"ЧУДА БОЖИЈА , ЗНАЦИ ВРЕМЕНА",N/A,1.099 ден,,0,Христијанство,2025-05-17
ЧУЈ ГОСПОДЕ ГЛАС СРЦА МОГА Лична молитва у животу хришћанина,Алфејев Иларион,999 ден,,0,Христијанство,2025-05-17
ШЕСТОДНЕВ,Св. Василий Велики,449 ден,,0,Христијанство,2025-05-17
ШИЗОФРЕНИЈА ИЛИ АСКЕТИЗАМ,Јован Корнаракис,399 ден,,0,Христијанство,2025-05-17
400 ГЛАВИ ЗА ЉУБОВТА,Св. Максим Исповедник,299 ден,,0,Семејство и здрав живот,2025-05-17
Adult Colouring Book BLOSSOM Креативна Боенка за возрасни,N/A,699 ден,,0,Семејство и здрав живот,2025-05-17
Adult Colouring Book FANTASY Креативна боенка за возрасни,N/A,699 ден,,0,Семејство и здрав живот,2025-05-17
Adult Colouring Book GODDESESS Креативна Боенка за возрасни,N/A,699 ден,,0,Семејство и здрав живот,2025-05-17
Adult colouring book MANDALAS Креативна боенка за возрасни,N/A,699 ден,,0,Семејство и здрав живот,2025-05-17
ORIGAMI,N/A,249 ден,,0,Семејство и здрав живот,2025-05-17
SUGAR FREE,N/A,399 ден,,0,Семејство и здрав живот,2025-05-17
THE BEST OF MACEDONIAN CUISINE,Давор Панчевски,1.200 ден,,0,Семејство и здрав живот,2025-05-17
"БЕБИЊА И ДРУГИ ОПАСНОСТИ ОД СЕКСОТ Како да направите мала личност за само 9 месеци, со алатки што ги имате во домот",Дејв Бери,399 ден,,0,Семејство и здрав живот,2025-05-17
БЛАГОРОДНИЧКА,Жан Клод ван Рајкехем,549 ден,,0,Семејство и здрав живот,2025-05-17
ВОДИЧ ЗА ЗДРАВЈЕ,Махатма Ганди,500 ден,,0,Семејство и здрав живот,2025-05-17
ГОЛЕМ ГОТВАЧ ЗА БЕБИЊА И МАЛИ ДЕЦА,Дагмар Фон Крам,1.990 ден,,0,Семејство и здрав живот,2025-05-17
ДЕЦАТА И РАЗВОДОТ,Драгана Батиќ,450 ден,,0,Семејство и здрав живот,2025-05-17
ДРЖЕТЕ СЕ ДО СВОИТЕ ДЕЦА,Габор Мате,600 ден,,0,Семејство и здрав живот,2025-05-17
"ЖЕНИ, ХРАНА И ХОРМОНИ",Сара Готфрид,420 ден,,0,Семејство и здрав живот,2025-05-17
ЖИВОПИСНИ ЗЕЛЕНЧУКОВИ РЕЦЕПТИ ЗА ИЗОБИЛСТВО ОД ВКУСОВИ – Plenty More,Јотам Отоленги,2.900 ден,,0,Семејство и здрав живот,2025-05-17
ЖИВОТНИ РАДОСТИ : ДА СЕ ЖИВЕЕ ДЕНЕС – ОВДЕ И СЕГА,Орисон Свет Марден,500 ден,,0,Семејство и здрав живот,2025-05-17
ЗА БРАКОТ И СЕМЕЈСТВОТО,Старец Пајсиј,299 ден,,0,Семејство и здрав живот,2025-05-17
ЗАПОЗНАЈ СЕ СЕБЕСИ И ДРУГИТЕ со тест на личноста,Штефани Штал,450 ден,,0,Семејство и здрав живот,2025-05-17
ЗНАЧЕЊЕТО НА РОДИТЕЛСКАТА ЉУБОВ,Игумен Евмениј Перистиј,549 ден,,0,Семејство и здрав живот,2025-05-17
ЗОШТО МАЖИТЕ НЕ СЛУШААТ А ЖЕНИТЕ НЕ ЗНААТ ДА ЧИТААТ МАПИ,Алан И Барбара Пиз,450 ден,,0,Семејство и здрав живот,2025-05-17
КАКО ДА ВОСПИТАТЕ ПРЕКРАСНИ ДЕВОЈЧИЊА,Иан и Мери Грант,549 ден,,0,Семејство и здрав живот,2025-05-17
КАКО ДА ВОСПИТАТЕ ПРЕКРАСНИ МОМЧИЊА стотина практични совети за тоа како на најдобар начин да го воспитате својот син,Иан Грант,549 ден,,0,Семејство и здрав живот,2025-05-17
КНИГА ШТО ПОСАКУВАТЕ ДА ЈА ПРОЧИТАЛЕ ВАШИТЕ РОДИТЕЛИ,Филипа Пери,450 ден,,0,Семејство и здрав живот,2025-05-17
КНИГА ШТО САКАТЕ ДА ЈА ПРОЧИТААТ ВАШИТЕ САКАНИ а можеби и неколкумина други,Филипа Пери,400 ден,,0,Семејство и здрав живот,2025-05-17
"ЉУБОВ, ОМРАЗА, ЛЕКУВАЊЕ",Мелани Клајн И Џоун Ривиер,500 ден,,0,Семејство и здрав живот,2025-05-17
МАРС И ВЕНЕРА ВО СПАЛНАТА СОБА Водич за долготрајна романса и страст,Џон Греи,499 ден,,0,Семејство и здрав живот,2025-05-17
НАДМИНИ СЕ СЕБЕСИ,Џејмс Ален,300 ден,,0,Семејство и здрав живот,2025-05-17
НАПРАВЕТЕ ГО СВОЈОТ ЖИВОТ РЕМЕК-ДЕЛО,Орисон Свет Марден,500 ден,,0,Семејство и здрав живот,2025-05-17
НОВА ЗЕМЈА,Екарт Тол,400 ден,,0,Семејство и здрав живот,2025-05-17
ОД ДЕТСТВО ДО АДОЛЕСЦЕНЦИЈА,Марија Монтесори,399 ден,,0,Семејство и здрав живот,2025-05-17
ПОДВИЖНИК НА ЉУБОВТА,Старец Пајсиј,699 ден,,0,Семејство и здрав живот,2025-05-17
ПОЧЕТНО УЧЕЊЕ ЗА ДЕЦАТА,Партениј Зографски,199 ден,,0,Семејство и здрав живот,2025-05-17
ПРЕСВРТ ВО АУТИЗМОТ Водич за родители на мали деца за откривање рани знаци на аутизам,Др. Мери Линч Барбара,599 ден,,0,Семејство и здрав живот,2025-05-17
ПРИРАЧНИК ЗА ДИЕТА СО ЕЛИМИНАЦИЈА,Меги Мун,480 ден,,0,Семејство и здрав живот,2025-05-17
ПРИРАЧНИК ЗА РОДИТЕЛСТВО ГРИЖА ЗА БЕБИЊА И ДЕЦА,Др. Бениамин Спок,899 ден,,0,Семејство и здрав живот,2025-05-17
ПРИРОДНА НЕГА ЗА ВАШЕТО ДЕТЕ,N/A,890 ден,,0,Семејство и здрав живот,2025-05-17
ПРОБЛЕМАТИЧНОТО ДЕТЕ,Александер Сатерленд Нил,500 ден,,0,Семејство и здрав живот,2025-05-17
ПСИХОЛОГИЈА НА ДЕТЕТО воспитување на децата,Алфред Адлер,400 ден,,0,Семејство и здрав живот,2025-05-17
ПСИХОЛОГИЈА НА ДЕТЕТО Индивидуалната психологија во училиштето,Алфред Адлер,400 ден,,0,Семејство и здрав живот,2025-05-17
ПСИХОЛОГИЈА НА СЕКСУАЛНОСТА,Хавелок Елис,400 ден,,0,Семејство и здрав живот,2025-05-17
РАЗВОЈ НА ИНТЕЛИГЕНЦИЈАТА КАЈ ДЕТЕТО,Алфред Бине,500 ден,,0,Семејство и здрав живот,2025-05-17
Рајска ЛЕСТВИЦА,Св. Јован Лествичник,599 ден,,0,Семејство и здрав живот,2025-05-17
РОЗОВА ПАНДЕЛКА првата година – Радосница,Радосница,350 ден,,0,Семејство и здрав живот,2025-05-17
СИНА ПАНДЕЛКА првата година – Радосница,Радосница,350 ден,,0,Семејство и здрав живот,2025-05-17
СРЦЕ ЗА ЦЕЛИОТ СВЕТ,Старец Пајсиј,799 ден,,0,Семејство и здрав живот,2025-05-17
СТРАВОТ,Коста Петров,299 ден,,0,Семејство и здрав живот,2025-05-17
ТАЈНАТА НА ДЕТСТВОТО,Марија Монтесори,499 ден,,0,Семејство и здрав живот,2025-05-17
ТОЈ И ТАА во потрага по брачна хармонија – Како да се разбереме и сакаме вистински,N/A,499 ден,,0,Семејство и здрав живот,2025-05-17
ТРЧАМ ЗА ТЕБЕ,Кокан Ајановски,350 ден,,0,Семејство и здрав живот,2025-05-17
УМЕТНОСТА НА ЛИЧНАТА ПРИВЛЕЧНОСТ,Вилијам Вокер Аткинсон,400 ден,,0,Семејство и здрав живот,2025-05-17
"ШТО ТИ СЕ СЛУЧИЛО разговори за траумите, за отпорноста и исцелувањето",Брус Д. Пери,450 ден,,0,Семејство и здрав живот,2025-05-17
БУШИДО Кодексот на Самураите,Иназо Нитобе,399 ден,,0,Филозофија,2025-05-17
ВЛАДЕТЕЛОТ,Николо Макијавели,499 ден,,0,Филозофија,2025-05-17
ГОЛЕМАТА ЦРВЕНА КНИГА 2,Џелалудин Руми,350 ден,,0,Филозофија,2025-05-17
ДУШАТА ПО СМРТТА,Серафим Роуз,599 ден,,0,Филозофија,2025-05-17
ЗА СОЗДАВАЊЕТО НА ЧОВЕКОТ,Св. Григориј Нисиски,399 ден,,0,Филозофија,2025-05-17
ЗАПАДНИОТ ПАТ ВО АПОКАЛИПСА Од митот за Гралот до Новиот светски поредок,Јуриј Ворбјовскиј,699 ден,,0,Филозофија,2025-05-17
ИДНИНАТА НА УМОТ,Мичио Каку,600 ден,,0,Филозофија,2025-05-17
КНИГА ЗА ПЕТТЕ ПРСТЕНИ Класичен водич за стратегија и лидерство,Мијамото Мусаши,399 ден,,0,Филозофија,2025-05-17
МАЛА КНИГА ЗА ХИГЕ данскиот начин на добро живеењe,Мајк Викинг,780 ден,,0,Филозофија,2025-05-17
МЕДИТАЦИИ,Марко Аврелиј,349 ден,,0,Филозофија,2025-05-17
МОЛИТВАТА И ОБОЖУВАЊЕТО,Антонио Блум,399 ден,,0,Филозофија,2025-05-17
ПРАВОСЛАВНА ПСИХОЛОГИЈА Светите отци за депресијата,Авдеев Д.А.,499 ден,,0,Филозофија,2025-05-17
ПРВИТЕ ДЕСЕТ КНИГИ Извадоци од Аналектите,Конфучиј,299 ден,,0,Филозофија,2025-05-17
СВЕТАТА ТАЈНА НА ЉУБОВТА,Павле Евдокимов,499 ден,,0,Филозофија,2025-05-17
ТЕСЛА – ЕВОЛУЦИЈА НА СВЕСТА,Велимир Абрамовиќ,599 ден,,0,Филозофија,2025-05-17
УМЕТНОСТА НА ВОЈУВАЊЕТО,Сун Цу,199 ден,,0,Филозофија,2025-05-17
20000 МИЛЈИ ПОД МОРЕТО,Жил Верн,350 ден,,0,Детски,2025-05-17
ACTIVITIES YOU AND YOUR TODDLER WILL LOVE Dr Pixie Baby Steps Flashcards,N/A,399 ден,,0,Детски,2025-05-17
AWESOME ANIMALS Learning Activity Kit,N/A,1.449 ден,,0,Детски,2025-05-17
BEAT THE PET SQUAD,N/A,599 ден,,0,Детски,2025-05-17
BEDTIME STORY LIBRARY Story Chest,N/A,1.449 ден,,0,Детски,2025-05-17
BOOK OF EVERYTHING,N/A,1.199 ден,,0,Детски,2025-05-17
BRILLIANT HUMAN BODY Big Ideas Learning Box,N/A,1.449 ден,,0,Детски,2025-05-17
DANGEROUS DINOSAURS Autumn Sticker Adventures,N/A,499 ден,,0,Детски,2025-05-17
DISCOVER DINOSAURS Big Ideas Learning Box,N/A,1.449 ден,,0,Детски,2025-05-17
DRESS UP WITH PRINCESS Shaped Character Boards,N/A,299 ден,,0,Детски,2025-05-17
EXPLORE WITH DINO AND FRIENDS Playtime Sounds,N/A,699 ден,,0,Детски,2025-05-17
EXPLORE WITH UNICORN AND FRIENDS Playtime Sounds,N/A,699 ден,,0,Детски,2025-05-17
FAIRYTALES FROM MACEDONIA,Biljana Crvenkovska,600 ден,,0,Детски,2025-05-17
HIDE-AND-SEEK UNDERWATER ANIMALS Magical Light Book,N/A,899 ден,,0,Детски,2025-05-17
INCY WINCY SPIDER Wiggly Fingers,N/A,699 ден,,0,Детски,2025-05-17
INTRODUCTION TO CARD MAKING,N/A,349 ден,,0,Детски,2025-05-17
JACK AND THE BEANSTALK Phonic Readers,N/A,299 ден,,0,Детски,2025-05-17
JIGSAW BOOK: THE LIFE OF DINOSAURS Deluxe Jigsaw Book Eco,N/A,949 ден,,0,Детски,2025-05-17
JIGSAW BOOK: UNICORNS AND FAIRIES Deluxe Jigsaw Book Eco,N/A,949 ден,,0,Детски,2025-05-17
LITTLE PENGUIN’S BIG ADVENTURE Glitter Globes Snowflake,N/A,599 ден,,0,Детски,2025-05-17
MAGICAL STORY LIBRARY Story Chest,N/A,1.449 ден,,0,Детски,2025-05-17
MY FIRST 123 Sensory Felt Book,N/A,499 ден,,0,Детски,2025-05-17
MY FIRST COLOURS Sensory Felt Book,N/A,449 ден,,0,Детски,2025-05-17
MY FIRST DRUM SET SOUND BOOK,N/A,1.199 ден,,0,Детски,2025-05-17
MY LITTLE RED RIDING HOOD sticker fun – First Fairy Tales,N/A,399 ден,,0,Детски,2025-05-17
MY TREASURY OF CLASSIC CHRISTMAS STORIES,N/A,699 ден,,0,Детски,2025-05-17
SNOW WHITE STICKER FUN First Fairy Tales,N/A,399 ден,,0,Детски,2025-05-17
THE CITY Visual English Dictionary,N/A,199 ден,,0,Детски,2025-05-17
THE COMPLETE SNOWY STORIES COLLECTION,N/A,699 ден,,0,Детски,2025-05-17
THE LITTLE PRINCE,Antoine de Saint Exupery,299 ден,,0,Детски,2025-05-17
ULTIMATE QUESTIONS & ANSWERS: HISTORY AND CULTURE,N/A,699 ден,,0,Детски,2025-05-17
ULTIMATE QUESTIONS & ANSWERS: SCIENCE,N/A,699 ден,,0,Детски,2025-05-17
ULTIMATE QUESTIONS & ANSWERS: SPACE,N/A,699 ден,,0,Детски,2025-05-17
АЈДЕ ДА ИГРАМЕ ШАХ,Орце Данчевски,799 ден,,0,Детски,2025-05-17
АЈДЕ ДА ЦРТАМЕ АВИОНИ чекор по чекор,N/A,249 ден,,0,Детски,2025-05-17
АЈДЕ ДА ЦРТАМЕ АВТОМОБИЛИ чекор по чекор,N/A,249 ден,,0,Детски,2025-05-17
АЈДЕ ДА ЦРТАМЕ ДИНОСАУРУСИ чекор по чекор,N/A,249 ден,,0,Детски,2025-05-17
АЈДЕ ДА ЦРТАМЕ ЖИВОТНИ чекор по чекор,N/A,249 ден,,0,Детски,2025-05-17
АЈДЕ ДА ЦРТАМЕ КУЧИЊА И МАЧИЊА чекор по чекор,N/A,249 ден,,0,Детски,2025-05-17
АЈДЕ ДА ЦРТАМЕ ЛУЃЕ и ВОЈНИЦИ чекор по чекор,N/A,249 ден,,0,Детски,2025-05-17
АЈДЕ ДА ЦРТАМЕ ПТИЦИ чекор по чекор,N/A,249 ден,,0,Детски,2025-05-17
АЈДЕ ДА ЦРТАМЕ ЦВЕКЕ чекор по чекор,N/A,249 ден,,0,Детски,2025-05-17
АЛБЕРТ АЈНШТАЈН ВО ТРАМВАЈОТ НА ИМАГИНАЦИЈАТА,Наташа Данчевска,299 ден,,0,Детски,2025-05-17
БАБИЧКА ГАНГСТЕР,Дејвид Валијамс,599 ден,,0,Детски,2025-05-17
БАЈКИ ОД МАКЕДОНИЈА,Билјана С. Црвенковска,600 ден,,0,Детски,2025-05-17
БАЈКИ ОД МАКЕДОНИЈА ЗА ЦЕЛА ГОДИНА,Билјана Црвенковска,1.500 ден,,0,Детски,2025-05-17
БАКНЕЖИ НА НЕБОТО,Иванка Ниба,430 ден,,0,Детски,2025-05-17
БАСНИ И БАЈКИ,Ивана Брлиќ-Мажураниќ,300 ден,,0,Детски,2025-05-17
БИСЕРНОТО ЕЗЕРО,Иванка Ниба,350 ден,,0,Детски,2025-05-17
БЛАГОРОДНИЧКА,Жан Клод ван Рајкехем,549 ден,,0,Детски,2025-05-17
БОЕНКА ДИНОСАУРУСИ,N/A,179 ден,,0,Детски,2025-05-17
БОЕНКА ПРИНЦЕЗИ,N/A,179 ден,,0,Детски,2025-05-17
ВСЕЛЕНА мојата џиновска книга со основни факти за нашиот универзум,Марко Видиновски,1.090 ден,,0,Детски,2025-05-17
ГОСПОДИНОТ СМРДЛИВКО,Дејвид Валијамс,549 ден,,0,Детски,2025-05-17
ДАШЕЊКА ИЛИ ЖИВОТОТ НА ЕДНО КУЧЕНЦЕ,Карел Чапек,300 ден,,0,Детски,2025-05-17
ДНЕВНИКОТ НА АНА ФРАНК Скратена Илустрирана верзија,Напишана од учениците од Гимназијата Орце Николов,199 ден,,0,Детски,2025-05-17
ДРВОТО НА ЖИВОТОТ,Ана Батева,350 ден,,0,Детски,2025-05-17
ЕЖЕТО СНЕЖЕ,Иванка Ниба,350 ден,,0,Детски,2025-05-17
ЗГРАДА БР. 16,Иванка Ниба,350 ден,,0,Детски,2025-05-17
ЗЛОБНАТА ЗАБАРКА,Давид Валијамс,699 ден,,0,Детски,2025-05-17
ЅВЕЗДЕНОТО ДЕТЕ,Ване Костуранов,500 ден,,0,Детски,2025-05-17
ЅУНИЦА,Бранислав Николов,450 ден,,0,Детски,2025-05-17
КАКО СЕ ЦРТААТ ЖИВОТНИТЕ ОД ЦРТАНИТЕ ФИЛМОВИ,Kристофер Харт,499 ден,,0,Детски,2025-05-17
КОНРАД – ИЛИ ДЕТЕТО ОД КОНЗЕРВАТА,Кристин Ностлингер,399 ден,,0,Детски,2025-05-17
КОРАЛИНА,Нил Гејман,399 ден,,0,Детски,2025-05-17
ЛИСИЧКАТА ПЛЕТАЧКА,Ана Голејшка Џикова,350 ден,,0,Детски,2025-05-17
ЉУБОВ ГОЛЕМА КОЛКУ СКОПЈЕ,Александра Тодоровиќ,340 ден,,0,Детски,2025-05-17
МАГИЧНОТО ПИСМО,Марија Петковска,350 ден,,0,Детски,2025-05-17
МАЛИОТ ПРИНЦ,Антон де Сент Егзипери,199 ден,,0,Детски,2025-05-17
МОЈАТА ПРВА АЗБУКА НА БОИТЕ И ВКУСОВИТЕ,Венко Андоновски,500 ден,,0,Детски,2025-05-17
МОЈАТА ПРВА ЕНЦИКЛОПЕДИЈА,Енциклопедија,450 ден,,0,Детски,2025-05-17
Мојата прекрасната книга за учене на АЗБУКАТА,N/A,249 ден,,0,Детски,2025-05-17
МОЈАТА ЏИНОВСКА КНИГА ЗА ДИНОСАУРУСИ,Џони Ферланд-Глобенски,1.090 ден,,0,Детски,2025-05-17
Мојот омилен научник НИКОЛА ТЕСЛА – Човекот кој го измисли 21-от век,N/A,299 ден,,0,Детски,2025-05-17
"МОМО или чудесна приказна за крадците на време и за детето, кое на луѓето им го врати украденото време",Михаел Енде,649 ден,,0,Детски,2025-05-17
"НЕОБИЧНИТЕ АВАНТУРИ НА АРСЕН ЛУПЕН, КРАДЕЦОТ ЏЕНТЛМЕН",Морис Леблан,390 ден,,0,Детски,2025-05-17
НОВИ БАЈКИ ОД МАКЕДОНИЈА,Група Автори,990 ден,,0,Детски,2025-05-17
НОРВЕШКИ ПРИКАЗНИ И БАЈКИ,Петер Кристен Асбјорнсен,699 ден,,0,Детски,2025-05-17
ПРАЗНИК,Ана Батева,350 ден,,0,Детски,2025-05-17
ПРЕДУПРЕДУВАЊЕ ЗА СОДРЖИНАТА кратки фикции и вознемирувања,Нил Гејман,400 ден,,0,Детски,2025-05-17
ПРИЈАТЕЛСТВО,Ана Батева,350 ден,,0,Детски,2025-05-17
ПРИКАЗНА ЗА ДОКТОР ДУЛИТЛ,Хау Лофтинг,199 ден,,0,Детски,2025-05-17
ПРСТОТ ШТО БОИ СИНО,Марија Петровска,350 ден,,0,Детски,2025-05-17
ПУРПУРНОТО МОРЕ,Љубовни бајки од целот свет,199 ден,,0,Детски,2025-05-17
РОЗОВА ПАНДЕЛКА првата година – Радосница,Радосница,350 ден,,0,Детски,2025-05-17
РОМЕО И ЈУЛИЈА,Скравена илустрирана верзија,199 ден,,0,Детски,2025-05-17
"САГАТА ЗА ЕГИЛ ВИКИНГ, ВОИН, ФАРМЕР, ПОЕТ епска приказна",N/A,499 ден,,0,Детски,2025-05-17
СИ БЕШЕ ЕДНАШ Најубавите бајки на сите времиња,Оливера Ќорвезироска,1.290 ден,,0,Детски,2025-05-17
СИ БЕШЕ ЕДНАШ православен Старечник за деца,Екатерина Федосеева,499 ден,,0,Детски,2025-05-17
СИНА ПАНДЕЛКА првата година – Радосница,Радосница,350 ден,,0,Детски,2025-05-17
СКАЗНИ ОД НОРВЕШКИТЕ ГОРИ,Петер Кристен Асбјорнсен,599 ден,,0,Детски,2025-05-17
ТАНЦОТ НА ПРИРОДАТА,Ана Батева,350 ден,,0,Детски,2025-05-17
ТИ НОСАМ ПУСТИНСКИ ПЕСОК,Винка Саздова,300 ден,,0,Детски,2025-05-17
ТРКАЛАЛАНИЦА,Марта Чупевска,450 ден,,0,Детски,2025-05-17
ТУРСКИ НАРОДНИ ПРИКАЗНИ,Наки Тезел,499 ден,,0,Детски,2025-05-17
ФЛАМАНСКИ НАРОДНИ ПРИКАЗНИ И БАЈКИ,N/A,599 ден,,0,Детски,2025-05-17
ХОБИТ,Џ.Р.Р. Толкин,699 ден,,0,Детски,2025-05-17
